product_id,product_name,category,price,stock_qty
PROD000001,Act Product,Sports,1644.03,2685
PROD000002,Beautiful Product,Home,1131.08,3930
PROD000003,Any Product,Beauty,1492.49,3845
PROD000004,Politics Product,Home,1779.59,2870
PROD000005,All Product,Books,405.38,680
PROD000006,Entire Product,Beauty,1764.11,276
PROD000007,Important Product,Fashion,2079.62,4366
PROD000008,Design Product,Books,376.43,1532
PROD000009,Together Product,Home,533.04,3346
PROD000010,Fund Product,Sports,2094.86,3780
PROD000011,Heart Product,Sports,523.54,538
PROD000012,Adult Product,Sports,448.4,1256
PROD000013,Matter Product,Home,267.19,664
PROD000014,System Product,Home,2077.03,4064
PROD000015,Various Product,Home,1520.8,4078
PROD000016,Since Product,Electronics,1063.11,518
PROD000017,Would Product,Books,402.46,4499
PROD000018,Hope Product,Books,293.91,2247
PROD000019,Stage Product,Beauty,1016.33,4583
PROD000020,Play Product,Fashion,90.63,1489
PROD000021,Animal Product,Electronics,2090.51,4789
PROD000022,Race Product,Electronics,526.25,1517
PROD000023,Force Product,Fashion,83.67,1526
PROD000024,Week Product,Sports,1038.89,4708
PROD000025,Wish Product,Beauty,44.65,2230
PROD000026,Manager Product,Fashion,1699.73,2250
PROD000027,Different Product,Home,2073.77,546
PROD000028,Discover Product,Home,1370.45,635
PROD000029,Wall Product,Home,1166.74,208
PROD000030,Here Product,Fashion,2017.5,708
PROD000031,Improve Product,Home,2310.39,3700
PROD000032,Music Product,Electronics,2221.55,138
PROD000033,Affect Product,Electronics,735.1,1674
PROD000034,Perform Product,Fashion,470.03,3808
PROD000035,Go Product,Fashion,641.97,2340
PROD000036,Between Product,Home,1448.15,976
PROD000037,Easy Product,Home,408.18,2332
PROD000038,Field Product,Home,1088.75,2029
PROD000039,Attention Product,Beauty,23.27,1871
PROD000040,Box Product,Beauty,90.95,3307
PROD000041,If Product,Books,657.67,1330
PROD000042,Finish Product,Books,1543.3,4555
PROD000043,Represent Product,Books,280.73,4994
PROD000044,Thank Product,Fashion,1848.02,1892
PROD000045,Building Product,Fashion,1160.42,1344
PROD000046,Service Product,Home,458.65,762
PROD000047,Economic Product,Fashion,2238.07,1015
PROD000048,Again Product,Home,563.3,441
PROD000049,American Product,Books,2437.6,4663
PROD000050,Else Product,Home,158.15,3576
PROD000051,Same Product,Sports,1055.26,3286
PROD000052,Center Product,Sports,834.51,1456
PROD000053,Blue Product,Home,2158.9,4579
PROD000054,Rather Product,Sports,766.27,1732
PROD000055,We Product,Beauty,1228.24,4853
PROD000056,Evidence Product,Books,68.25,54
PROD000057,West Product,Beauty,2149.31,3612
PROD000058,Source Product,Books,2042.0,3479
PROD000059,Challenge Product,Sports,1242.95,3026
PROD000060,Exactly Product,Home,2117.75,227
PROD000061,Bag Product,Fashion,121.04,133
PROD000062,Public Product,Sports,1790.02,896
PROD000063,Marriage Product,Beauty,2399.98,1457
PROD000064,Hospital Product,Beauty,125.68,1575
PROD000065,American Product,Electronics,2261.25,2501
PROD000066,Daughter Product,Fashion,1553.04,2339
PROD000067,Less Product,Books,1360.11,333
PROD000068,Physical Product,Beauty,570.67,1335
PROD000069,Security Product,Books,2393.22,2075
PROD000070,Mr Product,Fashion,441.55,1424
PROD000071,Modern Product,Fashion,900.23,383
PROD000072,Help Product,Fashion,2025.87,2764
PROD000073,Wrong Product,Books,2135.23,536
PROD000074,Film Product,Electronics,1549.3,1903
PROD000075,Project Product,Books,716.36,323
PROD000076,Director Product,Fashion,2139.74,4808
PROD000077,Oil Product,Beauty,2034.77,4639
PROD000078,Its Product,Books,1740.91,1755
PROD000079,Phone Product,Beauty,492.17,2061
PROD000080,Other Product,Fashion,2189.12,2462
PROD000081,Center Product,Fashion,991.34,1387
PROD000082,Week Product,Beauty,1072.62,109
PROD000083,Study Product,Beauty,76.36,4672
PROD000084,Stay Product,Sports,1853.64,1938
PROD000085,Minute Product,Electronics,324.55,2257
PROD000086,Happy Product,Books,235.26,4799
PROD000087,Serious Product,Electronics,1116.38,2780
PROD000088,Build Product,Beauty,988.13,4974
PROD000089,Scene Product,Beauty,343.4,512
PROD000090,Administration Product,Electronics,365.18,4116
PROD000091,Then Product,Home,503.24,3991
PROD000092,Explain Product,Home,779.39,3094
PROD000093,Like Product,Books,408.53,171
PROD000094,Accept Product,Home,463.81,2247
PROD000095,Turn Product,Sports,241.34,1714
PROD000096,Manage Product,Home,861.33,851
PROD000097,Technology Product,Beauty,339.77,3290
PROD000098,Increase Product,Home,199.27,1926
PROD000099,Task Product,Electronics,1209.23,1951
PROD000100,Question Product,Sports,1007.95,3519
PROD000101,Manage Product,Books,1188.9,1288
PROD000102,Not Product,Sports,2134.09,3315
PROD000103,I Product,Books,963.91,1212
PROD000104,Him Product,Sports,73.26,3537
PROD000105,Area Product,Electronics,1126.94,1922
PROD000106,World Product,Electronics,21.23,4908
PROD000107,Happen Product,Fashion,1653.01,4416
PROD000108,Government Product,Books,795.36,1175
PROD000109,Itself Product,Books,162.1,1411
PROD000110,Bank Product,Sports,273.68,2948
PROD000111,Tax Product,Sports,583.38,2768
PROD000112,East Product,Books,34.73,820
PROD000113,Store Product,Books,532.61,1193
PROD000114,Certainly Product,Electronics,1458.9,910
PROD000115,Family Product,Books,602.03,454
PROD000116,Part Product,Beauty,2129.87,4024
PROD000117,Respond Product,Beauty,1157.88,1194
PROD000118,Party Product,Books,1170.68,1089
PROD000119,Receive Product,Books,1734.14,2108
PROD000120,Husband Product,Fashion,391.78,815
PROD000121,Report Product,Beauty,1367.69,2133
PROD000122,Mind Product,Sports,1996.76,2682
PROD000123,Image Product,Sports,2330.11,946
PROD000124,Thousand Product,Beauty,459.03,110
PROD000125,Wind Product,Books,1931.44,4007
PROD000126,Hope Product,Home,113.2,4086
PROD000127,Us Product,Sports,961.69,4756
PROD000128,Light Product,Fashion,2404.49,1970
PROD000129,Official Product,Fashion,1476.39,4622
PROD000130,Factor Product,Home,892.18,2982
PROD000131,Accept Product,Beauty,2357.46,1409
PROD000132,Discussion Product,Books,1173.5,4497
PROD000133,Leg Product,Sports,731.69,3599
PROD000134,Mention Product,Books,152.75,4307
PROD000135,Mind Product,Books,1594.98,2993
PROD000136,Difference Product,Sports,1322.96,1623
PROD000137,Point Product,Sports,1358.3,2676
PROD000138,Face Product,Sports,1098.74,3964
PROD000139,Significant Product,Fashion,1017.28,1458
PROD000140,Month Product,Electronics,1851.74,2230
PROD000141,Kid Product,Home,1210.82,4838
PROD000142,Television Product,Fashion,912.41,1825
PROD000143,Off Product,Sports,2188.49,3107
PROD000144,Especially Product,Electronics,1966.48,3259
PROD000145,Whether Product,Fashion,1393.07,1464
PROD000146,May Product,Fashion,2175.25,120
PROD000147,Grow Product,Electronics,1337.88,2939
PROD000148,We Product,Sports,1991.58,3373
PROD000149,Wide Product,Fashion,1894.76,2506
PROD000150,Fear Product,Home,438.54,3418
PROD000151,Hospital Product,Fashion,1476.57,2113
PROD000152,Design Product,Fashion,1618.84,792
PROD000153,Discuss Product,Fashion,1984.37,2062
PROD000154,Condition Product,Books,227.1,4717
PROD000155,Participant Product,Beauty,445.76,143
PROD000156,Drive Product,Electronics,1517.66,3470
PROD000157,Here Product,Home,433.9,3682
PROD000158,Difference Product,Electronics,344.6,3314
PROD000159,Turn Product,Electronics,663.07,2857
PROD000160,Market Product,Electronics,2407.55,3009
PROD000161,See Product,Home,493.57,596
PROD000162,Buy Product,Home,2091.53,372
PROD000163,Where Product,Electronics,1795.77,663
PROD000164,Fight Product,Electronics,1845.94,741
PROD000165,Use Product,Beauty,556.82,3087
PROD000166,Catch Product,Fashion,1351.47,1505
PROD000167,Movie Product,Fashion,409.2,3848
PROD000168,Charge Product,Electronics,226.24,4898
PROD000169,During Product,Fashion,961.98,97
PROD000170,Second Product,Sports,126.47,224
PROD000171,Ahead Product,Beauty,367.48,4030
PROD000172,Need Product,Sports,102.81,3326
PROD000173,Interesting Product,Books,1006.58,3474
PROD000174,Somebody Product,Electronics,1190.26,3621
PROD000175,Sign Product,Fashion,983.4,1839
PROD000176,Second Product,Sports,1319.05,2949
PROD000177,Manager Product,Electronics,46.67,2717
PROD000178,Surface Product,Fashion,1162.94,1687
PROD000179,Anything Product,Books,1064.91,3692
PROD000180,Soldier Product,Home,1651.0,1876
PROD000181,Available Product,Sports,287.2,1673
PROD000182,Expert Product,Home,295.52,2171
PROD000183,Decide Product,Books,1784.25,3615
PROD000184,Region Product,Books,351.67,1688
PROD000185,Seat Product,Sports,256.86,2908
PROD000186,However Product,Books,2250.82,2406
PROD000187,Minute Product,Electronics,2289.33,1660
PROD000188,Reach Product,Home,454.91,3899
PROD000189,Hour Product,Sports,2237.95,4337
PROD000190,Difference Product,Books,1196.76,3492
PROD000191,Standard Product,Electronics,1060.75,1757
PROD000192,Prepare Product,Books,1514.97,1525
PROD000193,Research Product,Beauty,2436.95,2322
PROD000194,All Product,Home,2024.04,3927
PROD000195,Site Product,Books,2147.29,869
PROD000196,Might Product,Beauty,1380.69,211
PROD000197,Character Product,Electronics,2091.37,4100
PROD000198,Should Product,Beauty,1542.58,1596
PROD000199,Firm Product,Fashion,756.45,1547
PROD000200,Former Product,Electronics,2206.69,2401
PROD000201,Morning Product,Beauty,555.79,2570
PROD000202,Traditional Product,Books,1931.02,687
PROD000203,Provide Product,Home,428.86,2250
PROD000204,International Product,Books,1076.72,2796
PROD000205,Gas Product,Fashion,1257.45,3234
PROD000206,Same Product,Beauty,646.27,4721
PROD000207,Ability Product,Electronics,422.11,2453
PROD000208,Particularly Product,Beauty,930.61,1896
PROD000209,Weight Product,Home,2106.75,1170
PROD000210,Animal Product,Home,1402.94,389
PROD000211,Live Product,Books,1723.65,1466
PROD000212,Much Product,Fashion,1294.14,2230
PROD000213,Life Product,Electronics,1635.56,76
PROD000214,Attention Product,Beauty,853.87,4153
PROD000215,Relationship Product,Books,1568.3,2613
PROD000216,Step Product,Home,1857.38,2244
PROD000217,Education Product,Fashion,237.51,2331
PROD000218,Political Product,Fashion,810.0,4883
PROD000219,Feeling Product,Beauty,49.85,316
PROD000220,Site Product,Beauty,1954.72,3957
PROD000221,Thing Product,Beauty,203.35,3550
PROD000222,Arm Product,Electronics,768.76,3413
PROD000223,Myself Product,Sports,243.72,1869
PROD000224,Meet Product,Home,1267.92,4330
PROD000225,Modern Product,Books,696.76,3794
PROD000226,Painting Product,Electronics,996.49,3123
PROD000227,Current Product,Electronics,1360.16,3747
PROD000228,Cold Product,Sports,2407.92,2928
PROD000229,How Product,Home,648.45,3442
PROD000230,Remember Product,Home,337.12,3226
PROD000231,Low Product,Fashion,1016.29,600
PROD000232,Project Product,Books,1651.21,763
PROD000233,South Product,Beauty,938.19,4289
PROD000234,Night Product,Sports,1526.23,324
PROD000235,Child Product,Electronics,381.39,3944
PROD000236,Bring Product,Sports,425.67,951
PROD000237,Prepare Product,Electronics,1944.91,2573
PROD000238,Own Product,Books,112.11,3772
PROD000239,Maintain Product,Sports,2104.73,4654
PROD000240,Me Product,Home,60.88,1984
PROD000241,Three Product,Books,1035.62,3559
PROD000242,Someone Product,Electronics,850.28,349
PROD000243,Finally Product,Fashion,1767.66,3688
PROD000244,Partner Product,Books,2287.97,4900
PROD000245,Live Product,Beauty,621.66,271
PROD000246,Congress Product,Home,1212.79,3654
PROD000247,Mean Product,Sports,535.37,3364
PROD000248,Some Product,Home,1755.1,1035
PROD000249,Detail Product,Beauty,2333.21,1549
PROD000250,Move Product,Sports,466.69,3411
PROD000251,Forward Product,Home,2278.95,2353
PROD000252,Send Product,Electronics,1539.63,4243
PROD000253,Toward Product,Home,1275.13,4203
PROD000254,Enter Product,Home,829.45,4165
PROD000255,Lead Product,Books,1693.87,432
PROD000256,Character Product,Home,1182.11,1731
PROD000257,Turn Product,Beauty,1042.63,2545
PROD000258,White Product,Sports,2034.88,4269
PROD000259,Most Product,Sports,1548.61,4176
PROD000260,Teacher Product,Home,2468.65,247
PROD000261,Maybe Product,Sports,2111.15,2693
PROD000262,Life Product,Electronics,2111.17,2529
PROD000263,Set Product,Beauty,353.75,1016
PROD000264,Bank Product,Sports,1143.97,2199
PROD000265,Raise Product,Sports,2142.55,3511
PROD000266,Rock Product,Sports,1914.46,4515
PROD000267,Suffer Product,Home,1710.16,3677
PROD000268,Majority Product,Electronics,1023.77,1737
PROD000269,Worker Product,Fashion,2098.95,621
PROD000270,Seat Product,Home,1909.88,4783
PROD000271,Glass Product,Sports,2241.82,171
PROD000272,Yourself Product,Home,487.23,4803
PROD000273,Certainly Product,Beauty,451.51,4219
PROD000274,Guess Product,Beauty,209.43,4691
PROD000275,Condition Product,Beauty,2326.92,4068
PROD000276,Staff Product,Electronics,1409.01,3479
PROD000277,City Product,Sports,813.92,1721
PROD000278,Task Product,Fashion,1164.49,3798
PROD000279,Television Product,Sports,2286.91,99
PROD000280,Role Product,Beauty,1062.99,2572
PROD000281,Difficult Product,Beauty,663.41,3369
PROD000282,Doctor Product,Beauty,736.92,297
PROD000283,And Product,Fashion,1797.73,4894
PROD000284,Hotel Product,Beauty,1720.54,1970
PROD000285,Anything Product,Electronics,1689.68,1994
PROD000286,Reduce Product,Books,763.19,4977
PROD000287,Southern Product,Sports,58.0,2362
PROD000288,Side Product,Books,1939.97,3478
PROD000289,Those Product,Home,76.69,3166
PROD000290,Set Product,Beauty,457.28,2835
PROD000291,Prevent Product,Beauty,1103.58,66
PROD000292,Century Product,Books,653.57,4395
PROD000293,Practice Product,Fashion,2396.89,2274
PROD000294,Strong Product,Fashion,1407.91,4249
PROD000295,Establish Product,Sports,1941.68,2059
PROD000296,Quality Product,Electronics,1746.46,667
PROD000297,Skill Product,Home,1814.45,964
PROD000298,During Product,Home,1183.98,95
PROD000299,Finish Product,Home,1588.7,2270
PROD000300,Summer Product,Sports,562.27,983
PROD000301,Resource Product,Books,2208.74,4372
PROD000302,Religious Product,Beauty,2160.61,474
PROD000303,Call Product,Electronics,955.24,2119
PROD000304,Article Product,Beauty,2303.31,1212
PROD000305,Course Product,Sports,1282.4,2741
PROD000306,When Product,Electronics,507.29,3726
PROD000307,Level Product,Electronics,294.95,495
PROD000308,Data Product,Beauty,2443.54,3427
PROD000309,Marriage Product,Sports,752.88,3705
PROD000310,Teach Product,Electronics,516.93,4253
PROD000311,Happen Product,Sports,1353.16,4290
PROD000312,Candidate Product,Sports,2246.65,587
PROD000313,Thought Product,Home,406.74,1280
PROD000314,Beautiful Product,Beauty,422.35,3446
PROD000315,Fight Product,Beauty,442.89,2474
PROD000316,Republican Product,Books,2107.69,2722
PROD000317,Pay Product,Electronics,1654.68,207
PROD000318,Site Product,Home,376.79,4208
PROD000319,Exactly Product,Sports,1452.84,2826
PROD000320,One Product,Beauty,467.79,3875
PROD000321,Forget Product,Sports,696.27,666
PROD000322,Any Product,Home,1354.19,3515
PROD000323,Support Product,Beauty,1716.7,4963
PROD000324,Court Product,Home,2147.86,1454
PROD000325,Head Product,Home,1021.3,1134
PROD000326,Moment Product,Electronics,1398.1,4394
PROD000327,Determine Product,Fashion,2103.27,2016
PROD000328,Who Product,Beauty,308.92,515
PROD000329,Where Product,Sports,1895.95,1485
PROD000330,Attention Product,Home,494.6,2217
PROD000331,True Product,Books,680.62,2721
PROD000332,Pick Product,Beauty,959.9,1556
PROD000333,Activity Product,Sports,640.17,4325
PROD000334,Different Product,Sports,2055.09,4019
PROD000335,Herself Product,Electronics,212.25,139
PROD000336,Forward Product,Sports,1868.48,1218
PROD000337,Rock Product,Books,414.14,3113
PROD000338,Action Product,Fashion,1025.48,202
PROD000339,Care Product,Beauty,234.16,1329
PROD000340,Particular Product,Fashion,1151.74,2086
PROD000341,After Product,Electronics,464.77,2231
PROD000342,Argue Product,Beauty,1133.86,531
PROD000343,Box Product,Fashion,1529.01,3727
PROD000344,Short Product,Electronics,338.33,2455
PROD000345,According Product,Fashion,944.83,1139
PROD000346,Memory Product,Sports,777.76,2933
PROD000347,Film Product,Books,563.54,3530
PROD000348,Goal Product,Books,1258.07,698
PROD000349,Teacher Product,Sports,1336.64,3651
PROD000350,Police Product,Books,1949.42,2330
PROD000351,Help Product,Sports,50.51,2041
PROD000352,Seat Product,Home,2069.4,2278
PROD000353,Relationship Product,Beauty,1371.49,1023
PROD000354,Establish Product,Books,2186.95,4719
PROD000355,Management Product,Home,2495.21,2087
PROD000356,Several Product,Beauty,929.9,3327
PROD000357,Economy Product,Home,389.15,1668
PROD000358,Head Product,Fashion,584.74,364
PROD000359,Run Product,Home,1014.05,3847
PROD000360,Successful Product,Beauty,1940.9,4383
PROD000361,Recent Product,Home,716.42,653
PROD000362,Fund Product,Fashion,938.35,2592
PROD000363,Success Product,Beauty,2043.33,1476
PROD000364,Would Product,Fashion,1873.75,2151
PROD000365,Security Product,Fashion,1516.03,3219
PROD000366,Medical Product,Fashion,422.81,3414
PROD000367,From Product,Beauty,1553.51,140
PROD000368,Appear Product,Home,1048.21,645
PROD000369,Perform Product,Home,2372.08,4712
PROD000370,Family Product,Beauty,1026.37,1599
PROD000371,Must Product,Books,948.62,4883
PROD000372,Public Product,Beauty,1646.69,1314
PROD000373,Own Product,Beauty,2287.88,4991
PROD000374,Food Product,Sports,1374.92,1814
PROD000375,Eat Product,Books,1881.22,3961
PROD000376,Once Product,Home,1394.38,3851
PROD000377,Right Product,Sports,1243.63,1584
PROD000378,Impact Product,Books,2291.75,3603
PROD000379,Within Product,Electronics,759.76,2073
PROD000380,Late Product,Books,1317.73,450
PROD000381,Pass Product,Beauty,2369.34,2110
PROD000382,Discuss Product,Beauty,2034.62,833
PROD000383,Cover Product,Books,508.35,4374
PROD000384,Happy Product,Sports,482.1,4961
PROD000385,Material Product,Electronics,395.35,1082
PROD000386,Road Product,Home,34.51,86
PROD000387,Main Product,Electronics,731.09,456
PROD000388,Drive Product,Sports,2447.43,3870
PROD000389,Heavy Product,Home,375.52,601
PROD000390,Production Product,Books,1855.57,1908
PROD000391,Them Product,Electronics,2178.08,4670
PROD000392,Artist Product,Electronics,552.14,1018
PROD000393,Allow Product,Electronics,518.27,4759
PROD000394,Rule Product,Home,810.28,4502
PROD000395,Skill Product,Home,339.66,4895
PROD000396,Stock Product,Beauty,1354.96,2730
PROD000397,Including Product,Sports,965.52,1358
PROD000398,Up Product,Sports,1966.9,1159
PROD000399,World Product,Books,2272.39,2749
PROD000400,Rate Product,Beauty,2424.36,1289
PROD000401,Reduce Product,Electronics,1301.29,1963
PROD000402,Build Product,Books,2080.81,303
PROD000403,Door Product,Beauty,2331.9,3544
PROD000404,Certain Product,Home,1525.49,888
PROD000405,Bad Product,Beauty,2358.76,4626
PROD000406,Raise Product,Beauty,1007.69,4706
PROD000407,Others Product,Beauty,2303.83,328
PROD000408,Already Product,Sports,2469.47,3081
PROD000409,Nor Product,Home,1339.53,85
PROD000410,Attention Product,Electronics,1189.91,3035
PROD000411,Word Product,Fashion,1573.59,72
PROD000412,Data Product,Home,1543.06,3400
PROD000413,Bar Product,Electronics,2341.75,3577
PROD000414,High Product,Beauty,839.68,3984
PROD000415,Set Product,Fashion,1896.66,2428
PROD000416,Bank Product,Electronics,780.95,2567
PROD000417,Generation Product,Home,651.49,1388
PROD000418,Deal Product,Books,571.59,644
PROD000419,Building Product,Sports,493.49,2636
PROD000420,Join Product,Home,251.36,474
PROD000421,Bar Product,Home,1230.58,1659
PROD000422,Plant Product,Sports,432.2,4115
PROD000423,Director Product,Books,164.65,3482
PROD000424,Along Product,Electronics,1896.35,1519
PROD000425,Work Product,Electronics,375.07,2782
PROD000426,Car Product,Beauty,1863.09,4832
PROD000427,Whatever Product,Beauty,1808.36,4889
PROD000428,Behind Product,Fashion,1293.93,1634
PROD000429,Will Product,Fashion,1154.46,1605
PROD000430,Kid Product,Books,1832.09,2457
PROD000431,Authority Product,Books,694.9,3724
PROD000432,For Product,Books,1379.38,50
PROD000433,Exactly Product,Books,1238.52,260
PROD000434,Some Product,Home,1876.98,4428
PROD000435,Here Product,Home,2166.34,1897
PROD000436,White Product,Books,2466.25,92
PROD000437,Population Product,Sports,2093.98,3437
PROD000438,Hear Product,Books,199.78,634
PROD000439,Pressure Product,Home,1578.39,4615
PROD000440,Animal Product,Books,233.67,2007
PROD000441,Nature Product,Sports,424.48,4459
PROD000442,Involve Product,Beauty,874.31,2245
PROD000443,Already Product,Books,964.98,2145
PROD000444,Hand Product,Electronics,1516.5,651
PROD000445,Box Product,Beauty,1989.02,4218
PROD000446,North Product,Electronics,867.34,4511
PROD000447,Budget Product,Sports,206.84,831
PROD000448,Behavior Product,Books,2239.04,3751
PROD000449,Create Product,Books,685.41,3264
PROD000450,Blue Product,Sports,920.71,4983
PROD000451,Determine Product,Sports,301.26,3313
PROD000452,Leave Product,Electronics,1620.07,3923
PROD000453,On Product,Electronics,135.94,142
PROD000454,Trade Product,Beauty,622.12,153
PROD000455,Lawyer Product,Sports,785.59,2603
PROD000456,Air Product,Electronics,1353.54,200
PROD000457,Individual Product,Fashion,1514.48,4522
PROD000458,Sister Product,Fashion,453.75,4470
PROD000459,Trade Product,Electronics,1705.62,4871
PROD000460,Available Product,Home,990.2,1363
PROD000461,Between Product,Sports,1831.15,2004
PROD000462,Trip Product,Beauty,935.65,4506
PROD000463,Dog Product,Beauty,1004.36,2333
PROD000464,Something Product,Sports,2430.53,222
PROD000465,Relationship Product,Sports,1117.59,4477
PROD000466,Actually Product,Electronics,387.36,2685
PROD000467,Treat Product,Fashion,1524.12,2818
PROD000468,Play Product,Electronics,2427.36,3180
PROD000469,Dog Product,Books,1733.2,4967
PROD000470,Method Product,Fashion,2168.71,1989
PROD000471,Major Product,Books,1804.87,1132
PROD000472,Receive Product,Fashion,148.18,1605
PROD000473,Both Product,Beauty,2463.78,2507
PROD000474,Talk Product,Books,2126.51,4171
PROD000475,Pay Product,Beauty,2251.01,3588
PROD000476,Side Product,Home,116.0,4624
PROD000477,Team Product,Home,2481.08,398
PROD000478,End Product,Beauty,428.79,1012
PROD000479,Individual Product,Beauty,1751.24,809
PROD000480,Though Product,Beauty,2099.35,2361
PROD000481,Town Product,Fashion,206.36,1685
PROD000482,Create Product,Sports,2141.84,1239
PROD000483,Finish Product,Home,952.65,838
PROD000484,Even Product,Books,1347.41,4584
PROD000485,Free Product,Books,1406.58,2859
PROD000486,Stay Product,Fashion,2002.85,2024
PROD000487,Realize Product,Fashion,1648.77,962
PROD000488,Class Product,Beauty,1643.93,314
PROD000489,Usually Product,Books,2485.55,1351
PROD000490,On Product,Fashion,55.04,1900
PROD000491,Left Product,Beauty,2263.41,107
PROD000492,Thank Product,Home,1198.74,2283
PROD000493,Read Product,Books,1780.81,2477
PROD000494,Same Product,Home,1818.76,514
PROD000495,At Product,Beauty,1700.45,1177
PROD000496,Official Product,Sports,2239.55,704
PROD000497,Business Product,Home,1879.28,2419
PROD000498,Population Product,Home,1867.29,4738
PROD000499,Despite Product,Books,1825.69,4773
PROD000500,Hundred Product,Books,1058.85,4030
PROD000501,Every Product,Home,2494.53,1133
PROD000502,Life Product,Home,457.71,2726
PROD000503,Stage Product,Sports,1899.77,3129
PROD000504,Mean Product,Electronics,914.62,161
PROD000505,State Product,Fashion,1875.11,653
PROD000506,Eat Product,Sports,1341.21,184
PROD000507,Kind Product,Fashion,941.19,4600
PROD000508,Whole Product,Home,24.78,3230
PROD000509,Open Product,Beauty,1009.2,2758
PROD000510,Wife Product,Electronics,989.49,390
PROD000511,Sell Product,Home,995.57,3605
PROD000512,Sport Product,Electronics,933.7,1108
PROD000513,Live Product,Sports,1331.95,768
PROD000514,Result Product,Sports,1586.89,2228
PROD000515,Sense Product,Electronics,1563.37,4864
PROD000516,What Product,Electronics,37.26,1822
PROD000517,Plan Product,Beauty,119.07,1018
PROD000518,Sit Product,Fashion,156.17,1993
PROD000519,Great Product,Sports,81.74,3038
PROD000520,Possible Product,Fashion,68.03,2198
PROD000521,Half Product,Books,403.62,1688
PROD000522,Head Product,Home,1894.87,4706
PROD000523,Program Product,Home,1743.32,3053
PROD000524,Whatever Product,Fashion,2145.1,4756
PROD000525,Coach Product,Sports,2062.71,3264
PROD000526,Must Product,Electronics,133.35,4419
PROD000527,Perform Product,Home,117.06,3846
PROD000528,Draw Product,Books,2293.91,4088
PROD000529,Interesting Product,Books,1657.35,2161
PROD000530,Young Product,Books,2453.89,4887
PROD000531,Month Product,Fashion,119.17,2391
PROD000532,Stuff Product,Sports,1396.52,2356
PROD000533,Born Product,Sports,720.43,2748
PROD000534,A Product,Fashion,1289.35,1068
PROD000535,Positive Product,Beauty,50.56,4646
PROD000536,Game Product,Electronics,1798.73,4926
PROD000537,Thing Product,Home,876.17,2920
PROD000538,Upon Product,Beauty,536.29,2368
PROD000539,Citizen Product,Books,1001.36,3377
PROD000540,Activity Product,Fashion,2168.72,4941
PROD000541,Cause Product,Sports,933.78,1060
PROD000542,Stand Product,Home,1545.16,478
PROD000543,Performance Product,Books,1751.53,3162
PROD000544,Ability Product,Electronics,594.49,3395
PROD000545,Moment Product,Electronics,2029.04,1193
PROD000546,Our Product,Books,1358.98,299
PROD000547,College Product,Home,36.11,3727
PROD000548,Their Product,Sports,394.12,3503
PROD000549,Mean Product,Home,49.93,1661
PROD000550,Message Product,Books,2001.44,565
PROD000551,Amount Product,Books,1264.88,272
PROD000552,Such Product,Electronics,942.4,1680
PROD000553,As Product,Sports,20.88,3664
PROD000554,Improve Product,Fashion,1701.68,788
PROD000555,Play Product,Home,1247.66,819
PROD000556,Life Product,Books,1063.88,2891
PROD000557,Brother Product,Beauty,1105.69,556
PROD000558,Near Product,Books,331.08,2144
PROD000559,Into Product,Books,196.88,2059
PROD000560,Might Product,Beauty,822.73,3673
PROD000561,Prove Product,Beauty,670.72,3125
PROD000562,Yet Product,Books,1832.49,3043
PROD000563,Sea Product,Fashion,251.71,2670
PROD000564,Enter Product,Sports,2348.03,3880
PROD000565,Democrat Product,Beauty,145.49,3820
PROD000566,Material Product,Electronics,1435.95,704
PROD000567,Ok Product,Sports,2331.69,4765
PROD000568,Owner Product,Beauty,1000.67,2510
PROD000569,Research Product,Sports,1017.49,1809
PROD000570,Call Product,Home,831.94,1058
PROD000571,Network Product,Beauty,595.28,2690
PROD000572,Son Product,Sports,1522.11,2211
PROD000573,Itself Product,Sports,1679.68,3818
PROD000574,Really Product,Home,1371.88,106
PROD000575,Drug Product,Books,1719.8,452
PROD000576,Wife Product,Fashion,2426.72,3967
PROD000577,Amount Product,Home,2005.21,776
PROD000578,Land Product,Beauty,670.74,98
PROD000579,Result Product,Sports,259.65,1570
PROD000580,Of Product,Fashion,73.58,2998
PROD000581,Young Product,Home,1227.28,1827
PROD000582,Investment Product,Fashion,2127.27,1226
PROD000583,Country Product,Sports,1769.11,3974
PROD000584,Part Product,Fashion,1967.47,1141
PROD000585,Meeting Product,Fashion,1418.15,3366
PROD000586,Carry Product,Books,655.1,1574
PROD000587,Describe Product,Beauty,2304.68,2689
PROD000588,Most Product,Fashion,1910.09,3284
PROD000589,Eight Product,Home,946.39,4913
PROD000590,Discuss Product,Sports,475.21,1404
PROD000591,Wide Product,Home,1188.76,1989
PROD000592,Develop Product,Beauty,2333.3,1356
PROD000593,Set Product,Fashion,1805.12,2820
PROD000594,Task Product,Sports,360.32,1169
PROD000595,Large Product,Fashion,1718.17,227
PROD000596,Second Product,Beauty,243.86,51
PROD000597,How Product,Electronics,1063.97,1597
PROD000598,Free Product,Fashion,1905.25,1485
PROD000599,Nothing Product,Beauty,704.46,1182
PROD000600,Which Product,Fashion,2404.2,4102
PROD000601,Beyond Product,Sports,185.8,4891
PROD000602,Million Product,Beauty,381.88,124
PROD000603,Report Product,Sports,1213.35,2680
PROD000604,Able Product,Electronics,827.36,2251
PROD000605,Mother Product,Sports,861.82,3236
PROD000606,Situation Product,Electronics,2287.95,3675
PROD000607,Heart Product,Books,1096.68,618
PROD000608,Mind Product,Fashion,1382.27,1861
PROD000609,Learn Product,Electronics,83.34,3272
PROD000610,Coach Product,Books,2461.86,1798
PROD000611,More Product,Sports,395.27,3593
PROD000612,On Product,Sports,1814.52,1283
PROD000613,Five Product,Fashion,1236.98,3879
PROD000614,Unit Product,Home,553.68,667
PROD000615,Scientist Product,Home,2217.89,4197
PROD000616,Whether Product,Sports,2400.63,3313
PROD000617,Section Product,Home,2322.16,3966
PROD000618,Everyone Product,Electronics,2314.53,3678
PROD000619,Face Product,Electronics,526.27,3011
PROD000620,Piece Product,Electronics,602.72,333
PROD000621,Wrong Product,Books,1539.76,1438
PROD000622,Country Product,Beauty,1263.52,2542
PROD000623,Too Product,Fashion,1579.13,744
PROD000624,Low Product,Sports,2061.99,3924
PROD000625,Possible Product,Sports,750.8,489
PROD000626,Detail Product,Fashion,2245.54,2263
PROD000627,Federal Product,Electronics,1691.74,3608
PROD000628,Season Product,Home,1955.94,3055
PROD000629,Leave Product,Beauty,425.84,3764
PROD000630,Recent Product,Home,352.92,4712
PROD000631,Provide Product,Electronics,2106.22,3570
PROD000632,Standard Product,Fashion,44.35,377
PROD000633,Whether Product,Fashion,1769.41,1613
PROD000634,National Product,Beauty,1659.28,2973
PROD000635,Present Product,Sports,2118.9,3355
PROD000636,Magazine Product,Books,2365.2,631
PROD000637,Kid Product,Books,1438.45,2239
PROD000638,Situation Product,Books,1491.58,4852
PROD000639,Parent Product,Fashion,270.17,1832
PROD000640,Enter Product,Beauty,1750.47,4725
PROD000641,Summer Product,Sports,1216.17,4754
PROD000642,Drug Product,Beauty,1773.09,4950
PROD000643,Despite Product,Electronics,651.64,4195
PROD000644,Nearly Product,Home,95.61,2630
PROD000645,Reflect Product,Books,45.37,2360
PROD000646,On Product,Beauty,1758.48,1750
PROD000647,Product Product,Fashion,2060.63,3625
PROD000648,Appear Product,Books,549.03,1129
PROD000649,Class Product,Sports,563.86,4887
PROD000650,Federal Product,Books,2234.04,880
PROD000651,Half Product,Fashion,261.1,4539
PROD000652,Trial Product,Beauty,1762.68,4421
PROD000653,Two Product,Sports,195.83,904
PROD000654,Can Product,Books,1543.64,4657
PROD000655,Next Product,Books,577.67,183
PROD000656,Serious Product,Electronics,1752.51,1544
PROD000657,Tell Product,Sports,1131.57,1388
PROD000658,Land Product,Fashion,2274.95,4896
PROD000659,Hit Product,Beauty,1760.97,2541
PROD000660,Executive Product,Home,757.43,1373
PROD000661,Discussion Product,Books,1000.25,3827
PROD000662,Mission Product,Sports,1265.0,4077
PROD000663,Economy Product,Electronics,2119.64,4155
PROD000664,Travel Product,Beauty,361.95,1104
PROD000665,Send Product,Fashion,1131.13,4523
PROD000666,Health Product,Sports,1212.87,2751
PROD000667,They Product,Sports,1371.17,2426
PROD000668,Certain Product,Electronics,975.95,455
PROD000669,Behind Product,Home,1746.85,1687
PROD000670,Do Product,Sports,1811.11,4764
PROD000671,Station Product,Sports,931.49,2556
PROD000672,Race Product,Home,1871.51,4760
PROD000673,Identify Product,Beauty,1345.84,2270
PROD000674,Reach Product,Home,71.01,2708
PROD000675,Meeting Product,Beauty,1076.67,3685
PROD000676,Feeling Product,Beauty,680.66,3218
PROD000677,Mention Product,Fashion,2210.15,4486
PROD000678,With Product,Fashion,2427.95,3693
PROD000679,Far Product,Fashion,511.31,1027
PROD000680,Should Product,Electronics,2100.13,536
PROD000681,Realize Product,Beauty,2201.34,3467
PROD000682,Number Product,Electronics,966.64,1134
PROD000683,Require Product,Electronics,256.4,2693
PROD000684,Important Product,Books,2253.16,3733
PROD000685,After Product,Sports,1271.35,2325
PROD000686,Low Product,Books,1253.16,4332
PROD000687,Many Product,Home,812.96,2986
PROD000688,What Product,Home,886.64,1460
PROD000689,Summer Product,Books,1180.95,2299
PROD000690,Lead Product,Electronics,27.05,3215
PROD000691,Which Product,Beauty,1121.56,4318
PROD000692,Owner Product,Home,2022.81,1137
PROD000693,Smile Product,Books,1711.4,2977
PROD000694,Nation Product,Electronics,1042.66,2940
PROD000695,Total Product,Books,819.49,1310
PROD000696,Region Product,Fashion,2230.52,2528
PROD000697,Theory Product,Books,181.09,4246
PROD000698,Agent Product,Beauty,1532.94,2475
PROD000699,Cold Product,Electronics,367.86,1702
PROD000700,Plan Product,Fashion,1327.92,4427
PROD000701,Series Product,Home,52.3,1961
PROD000702,Reach Product,Books,2053.25,393
PROD000703,Really Product,Sports,168.17,212
PROD000704,Car Product,Fashion,1026.44,423
PROD000705,Out Product,Beauty,752.76,2243
PROD000706,Indeed Product,Fashion,2291.6,4249
PROD000707,School Product,Sports,1033.92,1470
PROD000708,He Product,Electronics,1995.31,2776
PROD000709,Success Product,Sports,130.79,4430
PROD000710,Detail Product,Fashion,85.69,2327
PROD000711,World Product,Sports,182.22,2254
PROD000712,Citizen Product,Sports,1450.18,4833
PROD000713,Wall Product,Home,1598.55,3946
PROD000714,Low Product,Beauty,1217.13,4767
PROD000715,Space Product,Home,345.97,2284
PROD000716,Run Product,Books,2475.18,4598
PROD000717,I Product,Books,282.69,3020
PROD000718,About Product,Home,1527.39,4364
PROD000719,He Product,Electronics,754.07,396
PROD000720,Certain Product,Home,519.56,3143
PROD000721,Activity Product,Sports,1235.44,4223
PROD000722,Save Product,Electronics,1436.86,4131
PROD000723,For Product,Sports,1601.5,1874
PROD000724,Benefit Product,Beauty,635.52,204
PROD000725,Hot Product,Books,1465.35,4543
PROD000726,Second Product,Electronics,359.49,3590
PROD000727,Look Product,Electronics,429.78,2105
PROD000728,Former Product,Books,376.38,412
PROD000729,Direction Product,Fashion,2423.92,2948
PROD000730,Only Product,Beauty,1505.16,1196
PROD000731,Work Product,Books,1306.26,193
PROD000732,Environment Product,Home,486.11,2607
PROD000733,American Product,Fashion,111.76,839
PROD000734,Interview Product,Beauty,1862.81,3816
PROD000735,Kid Product,Home,721.4,3628
PROD000736,Far Product,Home,912.81,3042
PROD000737,Simple Product,Electronics,1644.2,596
PROD000738,Law Product,Beauty,2249.39,2239
PROD000739,Employee Product,Sports,1311.48,1352
PROD000740,Surface Product,Fashion,19.2,4326
PROD000741,Difference Product,Sports,331.55,2671
PROD000742,Phone Product,Sports,1304.8,3297
PROD000743,Reach Product,Sports,1290.61,2314
PROD000744,Mrs Product,Electronics,1430.67,1353
PROD000745,Back Product,Fashion,1620.29,1850
PROD000746,Matter Product,Fashion,2427.97,3567
PROD000747,Drive Product,Electronics,1844.7,3003
PROD000748,Treatment Product,Sports,1376.1,2343
PROD000749,Fast Product,Fashion,1153.52,3986
PROD000750,Far Product,Books,2320.95,1768
PROD000751,Affect Product,Electronics,2124.77,3682
PROD000752,Source Product,Fashion,1752.49,3195
PROD000753,Listen Product,Home,462.67,4886
PROD000754,Case Product,Fashion,1646.44,758
PROD000755,Recognize Product,Books,239.76,4388
PROD000756,Fill Product,Electronics,1177.16,4151
PROD000757,Piece Product,Fashion,744.3,1251
PROD000758,Future Product,Home,2060.09,2834
PROD000759,Wind Product,Beauty,787.9,4545
PROD000760,Stop Product,Beauty,2091.58,3493
PROD000761,Student Product,Fashion,596.56,3819
PROD000762,Course Product,Sports,369.59,3931
PROD000763,Government Product,Electronics,1131.27,4167
PROD000764,Though Product,Beauty,77.17,1291
PROD000765,Even Product,Fashion,577.72,4745
PROD000766,Many Product,Electronics,99.42,3559
PROD000767,Hotel Product,Books,2061.57,4491
PROD000768,Risk Product,Sports,1598.03,505
PROD000769,Upon Product,Sports,2222.54,2348
PROD000770,These Product,Home,2461.23,4808
PROD000771,Reflect Product,Books,1761.13,628
PROD000772,Must Product,Sports,1979.74,3496
PROD000773,Me Product,Home,791.76,1709
PROD000774,Fine Product,Beauty,1316.83,4511
PROD000775,Law Product,Beauty,1564.54,375
PROD000776,Paper Product,Home,1874.88,3841
PROD000777,Could Product,Beauty,175.11,4827
PROD000778,Future Product,Electronics,807.81,4985
PROD000779,Until Product,Electronics,1398.99,2528
PROD000780,Cover Product,Books,1279.72,3249
PROD000781,Require Product,Fashion,1018.42,4555
PROD000782,Some Product,Fashion,1268.76,4559
PROD000783,Answer Product,Beauty,1113.8,1732
PROD000784,Simple Product,Beauty,66.91,1324
PROD000785,Decision Product,Electronics,1716.27,3315
PROD000786,Federal Product,Electronics,385.83,4913
PROD000787,Act Product,Home,1706.33,1527
PROD000788,Company Product,Electronics,2339.78,4986
PROD000789,Popular Product,Electronics,1583.77,2783
PROD000790,Focus Product,Sports,229.66,4529
PROD000791,Summer Product,Electronics,395.17,4695
PROD000792,Drive Product,Sports,1974.89,4334
PROD000793,More Product,Sports,973.55,855
PROD000794,Example Product,Beauty,1919.87,267
PROD000795,Hot Product,Sports,2070.52,107
PROD000796,Create Product,Home,976.18,4932
PROD000797,Doctor Product,Electronics,2183.96,435
PROD000798,Long Product,Home,1469.48,1847
PROD000799,Himself Product,Home,1950.55,4879
PROD000800,Important Product,Beauty,368.51,4582
PROD000801,Or Product,Beauty,2234.73,1884
PROD000802,Contain Product,Books,2264.17,4239
PROD000803,Eight Product,Sports,2324.95,3627
PROD000804,Power Product,Sports,766.43,3770
PROD000805,Hit Product,Electronics,614.1,2640
PROD000806,Institution Product,Electronics,1057.6,2736
PROD000807,Station Product,Home,1282.47,3439
PROD000808,Investment Product,Beauty,1959.52,1895
PROD000809,Deep Product,Fashion,852.41,3704
PROD000810,Board Product,Electronics,2002.91,3672
PROD000811,Note Product,Fashion,1851.94,1449
PROD000812,Form Product,Sports,2248.01,1836
PROD000813,You Product,Electronics,814.03,2837
PROD000814,Hear Product,Sports,116.34,2657
PROD000815,Yard Product,Home,1693.54,318
PROD000816,Use Product,Books,326.18,816
PROD000817,Parent Product,Beauty,1201.32,4993
PROD000818,Citizen Product,Sports,2194.16,1873
PROD000819,Environmental Product,Beauty,691.88,2345
PROD000820,Bed Product,Books,121.33,3061
PROD000821,Family Product,Beauty,1348.11,907
PROD000822,Although Product,Electronics,785.29,2577
PROD000823,Wear Product,Home,2377.92,888
PROD000824,Reality Product,Fashion,2341.16,2693
PROD000825,Price Product,Electronics,504.15,4438
PROD000826,Station Product,Home,293.44,3273
PROD000827,Talk Product,Beauty,1508.33,356
PROD000828,Hundred Product,Beauty,1600.79,3739
PROD000829,I Product,Beauty,1121.56,487
PROD000830,Particular Product,Fashion,587.98,2528
PROD000831,Fast Product,Sports,674.85,3542
PROD000832,Candidate Product,Beauty,736.89,3425
PROD000833,Hard Product,Home,1440.52,2453
PROD000834,Medical Product,Electronics,2288.3,1949
PROD000835,Court Product,Home,1816.82,3550
PROD000836,Happen Product,Books,2037.86,593
PROD000837,Significant Product,Home,552.64,1153
PROD000838,Serious Product,Beauty,805.05,1841
PROD000839,Section Product,Home,1270.02,1756
PROD000840,Cut Product,Electronics,894.12,4131
PROD000841,Both Product,Books,1137.98,1362
PROD000842,Have Product,Beauty,2275.93,1256
PROD000843,International Product,Sports,1103.56,905
PROD000844,Anyone Product,Beauty,989.82,4633
PROD000845,Commercial Product,Sports,528.86,359
PROD000846,Across Product,Fashion,1416.69,776
PROD000847,Of Product,Books,1402.43,2542
PROD000848,Reduce Product,Sports,417.56,1907
PROD000849,Among Product,Fashion,445.88,791
PROD000850,Project Product,Home,2137.8,3104
PROD000851,Interesting Product,Electronics,1379.48,2133
PROD000852,However Product,Beauty,626.12,3595
PROD000853,Fire Product,Home,69.68,3872
PROD000854,Push Product,Fashion,756.73,3198
PROD000855,Middle Product,Home,1775.46,3234
PROD000856,Fish Product,Fashion,1820.62,2879
PROD000857,Increase Product,Sports,1584.15,2972
PROD000858,About Product,Beauty,715.75,724
PROD000859,Difficult Product,Sports,1222.77,991
PROD000860,Brother Product,Home,168.47,74
PROD000861,Unit Product,Books,42.69,1373
PROD000862,Little Product,Fashion,201.54,820
PROD000863,Today Product,Home,1415.71,638
PROD000864,Time Product,Sports,2086.98,2398
PROD000865,Popular Product,Electronics,577.54,2506
PROD000866,Table Product,Books,1672.44,3217
PROD000867,Poor Product,Sports,2224.5,4889
PROD000868,Nature Product,Books,2045.07,1716
PROD000869,Sign Product,Sports,1222.26,3734
PROD000870,Successful Product,Books,74.32,1102
PROD000871,Onto Product,Beauty,2027.81,1077
PROD000872,Beyond Product,Beauty,1018.62,2027
PROD000873,Owner Product,Fashion,1928.92,284
PROD000874,Risk Product,Fashion,1067.63,2899
PROD000875,Onto Product,Sports,83.63,4843
PROD000876,Majority Product,Home,1770.63,1583
PROD000877,Audience Product,Electronics,1399.0,1595
PROD000878,International Product,Home,949.01,3815
PROD000879,Cover Product,Electronics,1503.46,3142
PROD000880,Establish Product,Home,1040.52,688
PROD000881,Draw Product,Electronics,357.48,2617
PROD000882,Direction Product,Sports,991.45,2020
PROD000883,Campaign Product,Books,443.0,312
PROD000884,Trip Product,Fashion,1985.65,1098
PROD000885,Standard Product,Fashion,1703.32,1853
PROD000886,May Product,Books,1538.16,4508
PROD000887,Her Product,Electronics,190.2,1760
PROD000888,Develop Product,Sports,1099.92,3518
PROD000889,According Product,Beauty,559.56,3498
PROD000890,Here Product,Home,901.63,182
PROD000891,Your Product,Electronics,1191.14,3755
PROD000892,Might Product,Beauty,189.7,1276
PROD000893,Paper Product,Sports,768.03,3356
PROD000894,Same Product,Electronics,693.13,270
PROD000895,Much Product,Beauty,418.87,2059
PROD000896,Lose Product,Books,166.04,2540
PROD000897,Imagine Product,Home,2270.83,3607
PROD000898,Team Product,Books,358.88,3137
PROD000899,Value Product,Electronics,284.01,3193
PROD000900,Science Product,Fashion,1229.14,1100
PROD000901,Dream Product,Home,553.28,4699
PROD000902,Thousand Product,Beauty,1957.91,2972
PROD000903,Fact Product,Sports,2262.44,3174
PROD000904,Difficult Product,Beauty,1587.93,2966
PROD000905,Cultural Product,Beauty,1897.25,1546
PROD000906,Force Product,Home,1716.42,3127
PROD000907,Like Product,Books,2031.61,2496
PROD000908,Single Product,Beauty,122.0,1822
PROD000909,Return Product,Beauty,815.21,1515
PROD000910,Certainly Product,Sports,2005.94,2862
PROD000911,Carry Product,Electronics,1824.23,1756
PROD000912,Even Product,Books,1950.92,2145
PROD000913,Similar Product,Beauty,1004.33,1202
PROD000914,Tend Product,Fashion,1338.28,4440
PROD000915,Opportunity Product,Fashion,1435.93,2513
PROD000916,Everyone Product,Home,1890.02,1962
PROD000917,Very Product,Electronics,639.2,3008
PROD000918,Energy Product,Books,951.15,735
PROD000919,Own Product,Books,1719.73,2445
PROD000920,Discussion Product,Beauty,2075.35,1269
PROD000921,Support Product,Books,241.06,2185
PROD000922,Poor Product,Sports,1956.35,3801
PROD000923,Agency Product,Beauty,1297.48,4880
PROD000924,Play Product,Books,542.0,1147
PROD000925,Production Product,Sports,30.11,164
PROD000926,Ask Product,Beauty,812.35,2047
PROD000927,Behavior Product,Home,1243.91,3617
PROD000928,Pick Product,Home,245.95,1641
PROD000929,Candidate Product,Electronics,1748.93,3113
PROD000930,Establish Product,Beauty,138.48,868
PROD000931,Professor Product,Sports,1744.81,3985
PROD000932,Major Product,Fashion,223.58,1738
PROD000933,Able Product,Beauty,219.93,804
PROD000934,Light Product,Electronics,632.92,3598
PROD000935,See Product,Home,1341.8,1449
PROD000936,So Product,Sports,268.67,171
PROD000937,Already Product,Home,1998.1,685
PROD000938,Down Product,Beauty,1145.71,421
PROD000939,It Product,Beauty,1681.76,4346
PROD000940,Behavior Product,Books,1063.88,1105
PROD000941,Street Product,Books,1904.86,483
PROD000942,Work Product,Home,1609.36,68
PROD000943,School Product,Fashion,2160.67,4786
PROD000944,Buy Product,Sports,502.83,640
PROD000945,Somebody Product,Books,2355.74,1518
PROD000946,Fact Product,Sports,1860.18,150
PROD000947,Result Product,Home,92.77,1562
PROD000948,Health Product,Fashion,145.03,4164
PROD000949,Practice Product,Home,2186.95,2795
PROD000950,Little Product,Sports,56.98,2724
PROD000951,Born Product,Fashion,428.82,832
PROD000952,Tell Product,Electronics,730.3,1306
PROD000953,Television Product,Electronics,1015.25,3985
PROD000954,Education Product,Electronics,266.71,667
PROD000955,Increase Product,Books,806.2,4873
PROD000956,Above Product,Beauty,362.75,831
PROD000957,Prepare Product,Home,1066.79,2096
PROD000958,Or Product,Fashion,2123.52,4304
PROD000959,Child Product,Fashion,330.53,1169
PROD000960,Suffer Product,Books,103.02,2667
PROD000961,Measure Product,Fashion,2173.96,4859
PROD000962,Make Product,Fashion,468.63,1492
PROD000963,Type Product,Electronics,937.37,1195
PROD000964,During Product,Sports,78.55,429
PROD000965,Political Product,Electronics,293.54,1751
PROD000966,Toward Product,Books,1340.12,1762
PROD000967,Fight Product,Fashion,1443.93,1626
PROD000968,Someone Product,Fashion,1607.94,3028
PROD000969,Worker Product,Fashion,1297.39,1006
PROD000970,Site Product,Fashion,404.23,4946
PROD000971,They Product,Books,845.48,3422
PROD000972,This Product,Sports,715.44,1084
PROD000973,Million Product,Fashion,767.66,4150
PROD000974,Number Product,Home,753.02,2490
PROD000975,Soon Product,Beauty,1112.37,90
PROD000976,Win Product,Fashion,666.64,4244
PROD000977,Different Product,Home,1079.2,2242
PROD000978,Box Product,Fashion,1866.1,4828
PROD000979,Organization Product,Books,626.32,3767
PROD000980,Economic Product,Sports,1678.35,2036
PROD000981,Throw Product,Books,1658.06,4556
PROD000982,Reflect Product,Sports,1566.47,1502
PROD000983,To Product,Beauty,1185.03,1950
PROD000984,Yard Product,Books,1017.87,804
PROD000985,Affect Product,Books,1724.01,3192
PROD000986,Finally Product,Home,933.61,2773
PROD000987,Tree Product,Beauty,2119.19,2241
PROD000988,Analysis Product,Home,1912.44,3245
PROD000989,See Product,Fashion,930.63,2067
PROD000990,New Product,Sports,1282.13,3462
PROD000991,Source Product,Home,757.36,2233
PROD000992,Near Product,Home,1959.06,3076
PROD000993,Ahead Product,Fashion,630.54,4814
PROD000994,Perform Product,Sports,933.47,2413
PROD000995,Reflect Product,Home,1945.86,2268
PROD000996,Through Product,Home,1091.41,2653
PROD000997,Red Product,Sports,590.98,1757
PROD000998,Minute Product,Beauty,1455.59,3390
PROD000999,Pull Product,Fashion,1907.1,4773
PROD001000,Sister Product,Beauty,2221.68,2096
PROD001001,Work Product,Fashion,731.19,3230
PROD001002,Market Product,Home,2310.21,1284
PROD001003,Sort Product,Books,267.11,3939
PROD001004,Under Product,Electronics,400.07,3799
PROD001005,Major Product,Sports,1747.63,3477
PROD001006,Would Product,Fashion,1864.92,4531
PROD001007,Show Product,Fashion,816.71,1790
PROD001008,Send Product,Sports,723.68,4543
PROD001009,Lay Product,Books,1255.53,3565
PROD001010,Force Product,Fashion,1675.2,264
PROD001011,East Product,Home,1964.13,3271
PROD001012,Area Product,Sports,1350.62,2475
PROD001013,Respond Product,Beauty,1181.27,1986
PROD001014,Approach Product,Beauty,1524.96,4525
PROD001015,Guy Product,Sports,202.14,837
PROD001016,Process Product,Books,2152.51,4146
PROD001017,Girl Product,Electronics,262.75,4271
PROD001018,Newspaper Product,Sports,499.87,3833
PROD001019,Past Product,Electronics,82.78,239
PROD001020,Yard Product,Home,2017.94,3932
PROD001021,Trip Product,Fashion,955.05,3912
PROD001022,Per Product,Sports,423.45,83
PROD001023,Same Product,Electronics,691.94,3520
PROD001024,Billion Product,Home,2397.73,206
PROD001025,Answer Product,Beauty,2241.63,3217
PROD001026,Mention Product,Sports,695.0,1753
PROD001027,Create Product,Electronics,338.22,1053
PROD001028,Election Product,Books,1001.6,1659
PROD001029,American Product,Beauty,1922.85,3671
PROD001030,And Product,Home,468.02,2327
PROD001031,Suffer Product,Fashion,1874.18,1397
PROD001032,Loss Product,Home,2107.7,2479
PROD001033,Congress Product,Books,1879.13,1730
PROD001034,Conference Product,Fashion,1498.64,3818
PROD001035,Role Product,Fashion,1872.65,4842
PROD001036,Game Product,Beauty,1580.22,2512
PROD001037,Part Product,Electronics,545.93,4741
PROD001038,Organization Product,Books,1269.01,704
PROD001039,Data Product,Sports,283.49,3438
PROD001040,Election Product,Sports,2278.5,2443
PROD001041,Coach Product,Beauty,1155.81,3408
PROD001042,Economic Product,Home,2474.04,259
PROD001043,Without Product,Home,1708.0,4561
PROD001044,Information Product,Fashion,553.94,1857
PROD001045,Establish Product,Beauty,286.23,909
PROD001046,Case Product,Home,277.52,2916
PROD001047,Fact Product,Beauty,78.57,3337
PROD001048,Yard Product,Sports,624.78,4978
PROD001049,Room Product,Books,1831.14,327
PROD001050,Imagine Product,Electronics,494.77,1947
PROD001051,System Product,Books,2430.44,1814
PROD001052,Mission Product,Home,2294.93,3484
PROD001053,Range Product,Home,1645.41,1730
PROD001054,Green Product,Sports,691.34,872
PROD001055,Very Product,Books,123.52,4664
PROD001056,What Product,Beauty,1994.88,2223
PROD001057,Economy Product,Electronics,1823.64,632
PROD001058,Employee Product,Home,1239.12,1823
PROD001059,Inside Product,Electronics,194.04,2106
PROD001060,Wall Product,Beauty,236.94,3330
PROD001061,Year Product,Electronics,2438.55,4787
PROD001062,Sound Product,Sports,1778.84,730
PROD001063,There Product,Electronics,128.43,2602
PROD001064,Score Product,Sports,2248.41,1373
PROD001065,Key Product,Electronics,384.8,4652
PROD001066,Air Product,Home,2134.51,1025
PROD001067,Money Product,Home,2290.79,320
PROD001068,Suffer Product,Sports,2412.39,4983
PROD001069,Free Product,Electronics,623.66,1232
PROD001070,Even Product,Electronics,2387.39,1693
PROD001071,Exist Product,Books,1259.84,2746
PROD001072,Drive Product,Books,1388.26,1327
PROD001073,Large Product,Electronics,531.73,1667
PROD001074,Positive Product,Electronics,1069.41,3966
PROD001075,Watch Product,Beauty,2461.08,837
PROD001076,While Product,Home,2094.96,4897
PROD001077,Start Product,Electronics,521.47,4502
PROD001078,Whether Product,Home,156.31,2703
PROD001079,Might Product,Home,256.22,757
PROD001080,Such Product,Home,298.86,1157
PROD001081,Best Product,Sports,253.43,2584
PROD001082,Fast Product,Electronics,2490.93,2535
PROD001083,Give Product,Home,1675.83,85
PROD001084,Firm Product,Fashion,2426.92,4316
PROD001085,Third Product,Beauty,2009.48,773
PROD001086,Image Product,Books,239.12,1135
PROD001087,Laugh Product,Beauty,1153.85,2500
PROD001088,Young Product,Books,350.43,4019
PROD001089,For Product,Sports,196.96,1795
PROD001090,Fire Product,Home,1196.33,4228
PROD001091,Manager Product,Books,1232.24,2463
PROD001092,Painting Product,Home,476.93,637
PROD001093,Cup Product,Fashion,1389.73,702
PROD001094,Marriage Product,Electronics,2295.75,4140
PROD001095,Beyond Product,Books,1540.52,960
PROD001096,Training Product,Sports,2464.82,1050
PROD001097,Civil Product,Beauty,2496.9,1437
PROD001098,Republican Product,Fashion,1607.12,1024
PROD001099,Book Product,Books,717.06,442
PROD001100,Win Product,Electronics,1777.87,725
PROD001101,Wall Product,Books,552.31,471
PROD001102,Major Product,Home,1496.06,3599
PROD001103,Husband Product,Sports,472.01,594
PROD001104,Trade Product,Home,1374.19,2871
PROD001105,Really Product,Books,426.38,2697
PROD001106,Actually Product,Fashion,1896.57,4120
PROD001107,Home Product,Sports,786.6,664
PROD001108,Culture Product,Electronics,355.94,3026
PROD001109,Sense Product,Books,1221.53,582
PROD001110,Center Product,Sports,1171.7,4496
PROD001111,Project Product,Beauty,1764.92,2310
PROD001112,Yes Product,Beauty,1319.02,2990
PROD001113,Dinner Product,Home,982.16,2362
PROD001114,Manage Product,Beauty,1429.83,4947
PROD001115,Else Product,Fashion,2453.09,300
PROD001116,Know Product,Books,273.86,2841
PROD001117,New Product,Home,1134.03,3342
PROD001118,American Product,Fashion,920.39,4185
PROD001119,Check Product,Books,2217.42,1559
PROD001120,Remain Product,Home,1599.0,757
PROD001121,Reach Product,Home,398.6,3361
PROD001122,Part Product,Fashion,1903.45,3012
PROD001123,Check Product,Home,923.73,2171
PROD001124,Sit Product,Home,2186.17,3952
PROD001125,Republican Product,Electronics,1661.71,729
PROD001126,Successful Product,Books,2148.96,2298
PROD001127,Painting Product,Electronics,2098.69,91
PROD001128,Word Product,Home,1278.02,3498
PROD001129,Final Product,Fashion,659.09,4243
PROD001130,No Product,Home,1947.29,890
PROD001131,Dark Product,Electronics,18.54,3423
PROD001132,Religious Product,Home,1358.32,533
PROD001133,Final Product,Sports,687.14,871
PROD001134,Which Product,Home,347.58,1202
PROD001135,Financial Product,Electronics,1184.56,1430
PROD001136,Top Product,Fashion,1258.74,961
PROD001137,Way Product,Electronics,884.42,1371
PROD001138,Like Product,Fashion,581.13,4573
PROD001139,If Product,Fashion,460.64,4605
PROD001140,Majority Product,Fashion,716.93,4441
PROD001141,Whom Product,Books,1182.9,1324
PROD001142,Into Product,Beauty,489.59,4891
PROD001143,Economy Product,Beauty,749.93,60
PROD001144,Paper Product,Books,239.75,4590
PROD001145,Question Product,Books,1136.4,998
PROD001146,Perform Product,Fashion,938.83,883
PROD001147,Today Product,Sports,297.5,2067
PROD001148,Interest Product,Books,1670.86,2625
PROD001149,Identify Product,Fashion,803.52,3679
PROD001150,It Product,Fashion,420.18,4396
PROD001151,Media Product,Beauty,336.82,112
PROD001152,Minute Product,Home,730.28,2994
PROD001153,Not Product,Home,1395.75,385
PROD001154,Own Product,Beauty,1900.34,4344
PROD001155,Upon Product,Fashion,82.73,4477
PROD001156,Gun Product,Electronics,2130.2,244
PROD001157,Whose Product,Books,264.79,2406
PROD001158,White Product,Sports,2358.62,2037
PROD001159,Land Product,Books,202.23,2777
PROD001160,State Product,Fashion,1968.74,4232
PROD001161,Know Product,Electronics,2325.29,2201
PROD001162,Wait Product,Books,1179.13,3408
PROD001163,Thought Product,Home,726.71,1105
PROD001164,Two Product,Beauty,100.67,746
PROD001165,Simple Product,Sports,1279.75,4600
PROD001166,Like Product,Beauty,565.95,3208
PROD001167,City Product,Fashion,1892.46,4127
PROD001168,Training Product,Beauty,1609.76,254
PROD001169,Support Product,Sports,2488.51,3856
PROD001170,Break Product,Beauty,1467.11,995
PROD001171,Apply Product,Sports,373.31,1867
PROD001172,It Product,Sports,1555.21,3692
PROD001173,Such Product,Books,2328.6,2012
PROD001174,Rich Product,Sports,1012.22,4766
PROD001175,Represent Product,Electronics,804.15,2769
PROD001176,Task Product,Beauty,814.68,2871
PROD001177,Brother Product,Home,1962.78,4902
PROD001178,Western Product,Beauty,772.09,220
PROD001179,Ready Product,Beauty,1901.31,1578
PROD001180,Present Product,Beauty,2238.03,55
PROD001181,Plant Product,Home,1510.83,3571
PROD001182,Agreement Product,Beauty,1597.71,2491
PROD001183,Can Product,Books,2235.72,4308
PROD001184,High Product,Beauty,2004.5,3565
PROD001185,Month Product,Electronics,949.38,447
PROD001186,Reason Product,Home,835.58,3815
PROD001187,Hard Product,Fashion,591.49,2289
PROD001188,Morning Product,Books,1115.69,404
PROD001189,Crime Product,Electronics,1003.69,1228
PROD001190,Condition Product,Home,1041.79,1874
PROD001191,Nor Product,Home,1663.07,616
PROD001192,Whom Product,Books,1473.49,4570
PROD001193,Government Product,Electronics,358.63,1851
PROD001194,Attention Product,Sports,61.03,2346
PROD001195,Western Product,Fashion,1202.49,3314
PROD001196,Two Product,Beauty,1538.31,3308
PROD001197,Deep Product,Books,680.69,3816
PROD001198,Identify Product,Home,2150.61,1527
PROD001199,Plan Product,Books,2008.74,124
PROD001200,Style Product,Beauty,712.14,1558
PROD001201,Until Product,Fashion,1862.43,2102
PROD001202,Here Product,Fashion,539.35,4246
PROD001203,Especially Product,Electronics,1919.31,2293
PROD001204,Price Product,Electronics,1141.38,1082
PROD001205,Free Product,Books,285.42,2761
PROD001206,Bank Product,Books,624.04,3313
PROD001207,Stop Product,Beauty,278.95,4429
PROD001208,Former Product,Books,795.16,2358
PROD001209,Difficult Product,Beauty,2321.13,3197
PROD001210,Hundred Product,Fashion,2086.9,4662
PROD001211,Section Product,Home,47.22,2323
PROD001212,What Product,Fashion,928.62,553
PROD001213,Pattern Product,Fashion,2491.91,1794
PROD001214,Small Product,Fashion,1646.33,2818
PROD001215,Conference Product,Sports,1503.46,2989
PROD001216,Station Product,Fashion,2327.98,726
PROD001217,First Product,Books,1603.69,1191
PROD001218,Sound Product,Beauty,973.32,427
PROD001219,Director Product,Books,60.44,1195
PROD001220,Argue Product,Beauty,1093.36,1555
PROD001221,Collection Product,Sports,1546.92,792
PROD001222,Over Product,Home,403.25,4026
PROD001223,Only Product,Books,2378.68,4967
PROD001224,Land Product,Fashion,2074.76,266
PROD001225,High Product,Books,226.66,3851
PROD001226,Morning Product,Beauty,2319.75,1498
PROD001227,Yourself Product,Electronics,904.36,2022
PROD001228,Amount Product,Beauty,448.47,3376
PROD001229,Agreement Product,Home,1514.27,3939
PROD001230,Network Product,Electronics,996.58,1083
PROD001231,Effort Product,Books,1881.3,1814
PROD001232,Number Product,Electronics,2099.11,4853
PROD001233,Fly Product,Fashion,1255.28,2524
PROD001234,Without Product,Beauty,1952.79,2985
PROD001235,Ago Product,Electronics,470.52,419
PROD001236,Unit Product,Home,247.1,4842
PROD001237,Style Product,Electronics,274.54,2010
PROD001238,Station Product,Sports,616.36,3111
PROD001239,Place Product,Beauty,571.98,4999
PROD001240,Exist Product,Home,221.03,556
PROD001241,Analysis Product,Electronics,154.76,227
PROD001242,Impact Product,Fashion,1774.75,2848
PROD001243,Particular Product,Home,257.63,1247
PROD001244,Recognize Product,Fashion,2105.8,3134
PROD001245,Few Product,Sports,1797.67,2350
PROD001246,Message Product,Sports,1235.65,4261
PROD001247,Goal Product,Sports,927.48,4962
PROD001248,Couple Product,Books,16.12,3732
PROD001249,Stop Product,Beauty,2493.78,1218
PROD001250,News Product,Fashion,11.17,2869
PROD001251,Think Product,Sports,2011.47,1829
PROD001252,Line Product,Fashion,1859.82,728
PROD001253,Long Product,Home,1630.72,3889
PROD001254,Personal Product,Home,2290.96,4428
PROD001255,Light Product,Electronics,719.31,3137
PROD001256,None Product,Books,1108.32,2408
PROD001257,Realize Product,Fashion,1115.41,1018
PROD001258,Democrat Product,Beauty,746.31,2939
PROD001259,Space Product,Fashion,1697.42,905
PROD001260,Get Product,Electronics,1678.5,4137
PROD001261,Change Product,Home,2423.3,3556
PROD001262,Thank Product,Books,155.45,1498
PROD001263,Local Product,Sports,1182.62,3474
PROD001264,Amount Product,Electronics,321.3,4764
PROD001265,Phone Product,Fashion,1388.9,2680
PROD001266,Idea Product,Home,1373.13,3382
PROD001267,Democrat Product,Sports,194.71,540
PROD001268,Month Product,Fashion,338.79,617
PROD001269,Among Product,Sports,293.55,3969
PROD001270,Cause Product,Sports,1372.27,3669
PROD001271,Surface Product,Electronics,972.09,3964
PROD001272,Grow Product,Sports,1074.67,2796
PROD001273,Onto Product,Fashion,347.35,1675
PROD001274,Dinner Product,Sports,1220.87,4466
PROD001275,Politics Product,Books,1468.58,636
PROD001276,Themselves Product,Fashion,952.59,4283
PROD001277,Drive Product,Sports,718.36,4249
PROD001278,Speech Product,Books,1041.07,4129
PROD001279,Include Product,Electronics,216.98,1297
PROD001280,Decade Product,Beauty,785.81,226
PROD001281,Middle Product,Electronics,82.01,2055
PROD001282,Side Product,Home,2077.14,2062
PROD001283,Effort Product,Beauty,1883.33,4675
PROD001284,Rock Product,Sports,379.77,2043
PROD001285,Enter Product,Sports,1746.26,1747
PROD001286,Reality Product,Fashion,656.54,2872
PROD001287,Moment Product,Beauty,1650.18,4164
PROD001288,Us Product,Home,956.17,1759
PROD001289,Score Product,Fashion,2427.54,4435
PROD001290,Short Product,Sports,652.06,4071
PROD001291,Rest Product,Sports,1388.82,4120
PROD001292,Approach Product,Home,862.82,636
PROD001293,Hope Product,Books,2239.84,4340
PROD001294,Owner Product,Fashion,112.7,855
PROD001295,Knowledge Product,Books,1671.57,298
PROD001296,Treatment Product,Home,2011.53,1390
PROD001297,In Product,Sports,1075.65,2448
PROD001298,Indeed Product,Fashion,1083.4,1854
PROD001299,Form Product,Books,168.4,1233
PROD001300,Line Product,Home,465.87,2340
PROD001301,Data Product,Books,2358.24,1857
PROD001302,Room Product,Fashion,1227.63,3043
PROD001303,Article Product,Sports,986.71,3211
PROD001304,Official Product,Beauty,1178.46,3414
PROD001305,Computer Product,Books,1327.05,4238
PROD001306,Kid Product,Books,1475.81,1358
PROD001307,Career Product,Fashion,703.92,4782
PROD001308,Record Product,Books,1773.31,1035
PROD001309,Could Product,Electronics,774.0,1181
PROD001310,Individual Product,Books,24.48,3435
PROD001311,Take Product,Beauty,332.74,4698
PROD001312,Space Product,Home,824.21,4423
PROD001313,By Product,Books,2148.28,1221
PROD001314,Inside Product,Sports,145.05,3504
PROD001315,Something Product,Fashion,1879.23,3473
PROD001316,Vote Product,Sports,1235.55,4942
PROD001317,Before Product,Fashion,1851.84,228
PROD001318,Meet Product,Beauty,1107.72,1815
PROD001319,Boy Product,Books,1715.19,2256
PROD001320,Success Product,Fashion,191.64,4764
PROD001321,Shoulder Product,Electronics,759.89,3091
PROD001322,Reduce Product,Electronics,473.26,1654
PROD001323,Learn Product,Books,2233.52,3830
PROD001324,Nation Product,Beauty,2460.08,101
PROD001325,Individual Product,Books,2277.66,4086
PROD001326,Need Product,Sports,1422.42,1171
PROD001327,Anyone Product,Books,299.38,4307
PROD001328,Discussion Product,Books,1748.31,475
PROD001329,Already Product,Home,70.33,1935
PROD001330,Summer Product,Sports,1531.3,1147
PROD001331,Long Product,Electronics,738.59,4600
PROD001332,Sit Product,Sports,2103.78,1229
PROD001333,Social Product,Fashion,490.74,1328
PROD001334,Tell Product,Sports,149.69,4698
PROD001335,Science Product,Sports,1760.87,2644
PROD001336,Help Product,Electronics,1797.24,3283
PROD001337,Per Product,Home,1006.5,3697
PROD001338,Ball Product,Electronics,994.61,3384
PROD001339,Seven Product,Sports,557.08,1201
PROD001340,Glass Product,Beauty,1071.58,85
PROD001341,Enough Product,Electronics,177.74,1183
PROD001342,Power Product,Fashion,77.4,451
PROD001343,Forward Product,Sports,1692.96,2443
PROD001344,Like Product,Beauty,2296.08,1086
PROD001345,Quickly Product,Home,2044.6,4499
PROD001346,Next Product,Fashion,519.44,1790
PROD001347,Science Product,Home,2124.3,4770
PROD001348,Hope Product,Home,67.12,4223
PROD001349,Table Product,Fashion,2346.88,4475
PROD001350,Air Product,Beauty,1019.62,752
PROD001351,Response Product,Sports,525.05,121
PROD001352,Court Product,Books,1603.89,2124
PROD001353,From Product,Beauty,2294.21,3612
PROD001354,Other Product,Beauty,341.37,4656
PROD001355,Factor Product,Books,2293.89,2343
PROD001356,Produce Product,Beauty,1790.83,475
PROD001357,Especially Product,Electronics,2169.05,1242
PROD001358,Stand Product,Books,1557.86,816
PROD001359,Pull Product,Beauty,2327.02,3115
PROD001360,Amount Product,Electronics,2063.93,57
PROD001361,Time Product,Electronics,279.62,2768
PROD001362,Sing Product,Books,984.85,3942
PROD001363,Rule Product,Books,1969.84,4396
PROD001364,Site Product,Sports,1730.4,541
PROD001365,Chair Product,Beauty,2195.66,1825
PROD001366,People Product,Beauty,1837.03,4777
PROD001367,Perhaps Product,Sports,1895.76,342
PROD001368,Mean Product,Books,645.65,608
PROD001369,Add Product,Electronics,711.8,2277
PROD001370,Soldier Product,Fashion,169.05,3373
PROD001371,Expect Product,Home,2235.13,2834
PROD001372,Call Product,Electronics,1720.89,2754
PROD001373,Class Product,Fashion,1310.88,894
PROD001374,Physical Product,Books,1292.48,1829
PROD001375,Administration Product,Home,782.63,2669
PROD001376,Off Product,Books,1269.16,1664
PROD001377,One Product,Electronics,1564.92,148
PROD001378,Fish Product,Electronics,2306.21,4279
PROD001379,Whole Product,Books,959.77,3714
PROD001380,Partner Product,Electronics,1222.78,3742
PROD001381,Rate Product,Beauty,663.04,797
PROD001382,Chair Product,Beauty,102.63,3839
PROD001383,Understand Product,Sports,265.74,4368
PROD001384,Turn Product,Sports,1401.3,1722
PROD001385,Consumer Product,Home,1757.3,3621
PROD001386,Community Product,Electronics,275.69,4276
PROD001387,Prevent Product,Home,1066.49,4288
PROD001388,Child Product,Home,290.93,4709
PROD001389,Exist Product,Beauty,1180.36,3207
PROD001390,Anyone Product,Home,897.06,4320
PROD001391,Most Product,Fashion,1663.35,1359
PROD001392,Provide Product,Home,173.53,391
PROD001393,Organization Product,Sports,808.91,280
PROD001394,Bank Product,Books,2424.42,4443
PROD001395,Population Product,Fashion,943.56,2143
PROD001396,Report Product,Books,1612.62,598
PROD001397,Go Product,Beauty,875.97,2730
PROD001398,Early Product,Home,1766.92,4518
PROD001399,Now Product,Books,624.82,2011
PROD001400,Type Product,Fashion,1450.47,4910
PROD001401,Public Product,Beauty,416.11,1354
PROD001402,Ball Product,Home,1006.45,1213
PROD001403,Than Product,Electronics,1175.63,3998
PROD001404,Her Product,Books,1403.3,595
PROD001405,Suddenly Product,Sports,832.32,2242
PROD001406,Read Product,Home,1075.11,4022
PROD001407,Fine Product,Beauty,2173.83,85
PROD001408,Relationship Product,Fashion,26.09,4272
PROD001409,Her Product,Books,519.23,3834
PROD001410,Another Product,Fashion,1202.68,3197
PROD001411,Foreign Product,Home,1485.39,1868
PROD001412,Forward Product,Books,798.47,3089
PROD001413,Night Product,Sports,1778.2,1398
PROD001414,Manage Product,Books,323.2,4292
PROD001415,Them Product,Books,2359.04,3543
PROD001416,Enjoy Product,Electronics,2421.02,86
PROD001417,This Product,Beauty,1173.12,1610
PROD001418,Ago Product,Electronics,1342.58,4672
PROD001419,Campaign Product,Home,321.4,115
PROD001420,Only Product,Sports,1147.13,1883
PROD001421,Last Product,Beauty,2163.92,1417
PROD001422,Man Product,Home,1985.46,3893
PROD001423,Less Product,Home,2300.44,999
PROD001424,Two Product,Electronics,2198.26,4156
PROD001425,Its Product,Books,359.12,1100
PROD001426,Surface Product,Sports,1833.89,4178
PROD001427,Analysis Product,Home,504.06,4986
PROD001428,Ground Product,Electronics,31.46,729
PROD001429,Very Product,Fashion,192.23,1209
PROD001430,Candidate Product,Sports,2145.3,1203
PROD001431,Floor Product,Fashion,745.06,2427
PROD001432,Hit Product,Home,549.35,474
PROD001433,Certain Product,Books,1849.76,4010
PROD001434,Wife Product,Sports,1658.92,3897
PROD001435,Partner Product,Electronics,1895.9,3549
PROD001436,But Product,Electronics,1697.86,4822
PROD001437,Occur Product,Sports,1192.09,3131
PROD001438,Republican Product,Books,1777.34,3609
PROD001439,Check Product,Books,1931.98,3348
PROD001440,Water Product,Home,1022.73,383
PROD001441,Notice Product,Beauty,1527.41,3143
PROD001442,Thing Product,Beauty,2138.19,1645
PROD001443,Movement Product,Books,1949.66,181
PROD001444,Spring Product,Electronics,1541.33,3053
PROD001445,Through Product,Fashion,412.08,2356
PROD001446,Price Product,Fashion,2466.17,3161
PROD001447,Rise Product,Sports,1784.49,1657
PROD001448,Most Product,Home,1564.12,1543
PROD001449,We Product,Fashion,2096.09,4796
PROD001450,Country Product,Electronics,1903.0,2047
PROD001451,Her Product,Beauty,1761.52,3807
PROD001452,Media Product,Electronics,911.0,2380
PROD001453,Care Product,Home,1682.69,3501
PROD001454,Something Product,Electronics,1908.03,2790
PROD001455,Main Product,Home,1973.59,4856
PROD001456,Machine Product,Electronics,215.71,2743
PROD001457,Accept Product,Electronics,1865.6,837
PROD001458,Tree Product,Electronics,182.41,1290
PROD001459,Consider Product,Home,32.19,4178
PROD001460,Author Product,Electronics,345.03,2906
PROD001461,President Product,Beauty,1433.83,1761
PROD001462,Difference Product,Sports,661.52,3889
PROD001463,Tell Product,Books,1498.7,4607
PROD001464,National Product,Fashion,559.44,2417
PROD001465,Modern Product,Beauty,1255.98,1745
PROD001466,Plan Product,Books,1235.07,781
PROD001467,Create Product,Beauty,475.36,2373
PROD001468,Glass Product,Beauty,1013.27,4720
PROD001469,Most Product,Electronics,2047.32,3199
PROD001470,Out Product,Fashion,2426.04,4189
PROD001471,Mouth Product,Home,2462.53,3223
PROD001472,Trade Product,Books,1700.16,2016
PROD001473,May Product,Fashion,67.13,1751
PROD001474,Economic Product,Electronics,2356.6,4103
PROD001475,One Product,Sports,355.39,3389
PROD001476,Area Product,Home,918.52,4297
PROD001477,Total Product,Fashion,782.84,4463
PROD001478,Democratic Product,Books,667.04,4901
PROD001479,Maybe Product,Fashion,2471.37,4130
PROD001480,Enjoy Product,Sports,330.05,71
PROD001481,Reveal Product,Electronics,2029.0,1207
PROD001482,Rule Product,Electronics,1369.8,456
PROD001483,Country Product,Electronics,767.44,3138
PROD001484,Fish Product,Electronics,805.88,4876
PROD001485,Provide Product,Electronics,1403.1,2818
PROD001486,Security Product,Books,529.09,1223
PROD001487,Business Product,Home,2194.75,3332
PROD001488,A Product,Sports,515.27,517
PROD001489,Want Product,Sports,1743.22,1673
PROD001490,Receive Product,Fashion,807.47,3497
PROD001491,Information Product,Sports,2274.84,3174
PROD001492,Point Product,Beauty,1784.79,1694
PROD001493,Third Product,Electronics,232.63,526
PROD001494,His Product,Electronics,1808.73,4877
PROD001495,Hit Product,Electronics,1320.55,4925
PROD001496,Join Product,Beauty,594.64,4580
PROD001497,Full Product,Home,1307.39,79
PROD001498,Mr Product,Books,2135.48,4405
PROD001499,Within Product,Electronics,441.99,1939
PROD001500,Will Product,Books,1750.56,2332
PROD001501,Space Product,Electronics,844.41,4966
PROD001502,Avoid Product,Fashion,1566.23,464
PROD001503,Important Product,Beauty,1851.59,454
PROD001504,Never Product,Books,1768.63,3683
PROD001505,Music Product,Home,1067.5,2036
PROD001506,Understand Product,Home,990.83,4422
PROD001507,Improve Product,Sports,71.58,724
PROD001508,Imagine Product,Fashion,2462.76,3565
PROD001509,Sport Product,Beauty,176.28,4736
PROD001510,Manager Product,Books,1951.73,2150
PROD001511,Low Product,Home,2118.54,2896
PROD001512,Side Product,Sports,558.52,773
PROD001513,They Product,Electronics,2448.9,4543
PROD001514,Land Product,Fashion,1689.11,2053
PROD001515,Art Product,Electronics,2156.42,3594
PROD001516,Write Product,Home,2325.37,3718
PROD001517,President Product,Beauty,1264.56,1192
PROD001518,Lot Product,Electronics,1398.67,1072
PROD001519,Type Product,Sports,777.98,3508
PROD001520,Ask Product,Beauty,589.62,3393
PROD001521,Call Product,Sports,2160.15,285
PROD001522,During Product,Sports,268.58,4029
PROD001523,Build Product,Home,1202.55,855
PROD001524,Happen Product,Beauty,1243.15,3311
PROD001525,Hope Product,Fashion,1648.92,4495
PROD001526,Old Product,Fashion,1028.83,1984
PROD001527,Hot Product,Home,1366.42,2978
PROD001528,Upon Product,Electronics,228.58,3298
PROD001529,Recently Product,Sports,412.05,3339
PROD001530,Record Product,Fashion,1484.39,1557
PROD001531,Others Product,Home,1086.32,3686
PROD001532,Most Product,Beauty,2078.7,4267
PROD001533,Employee Product,Electronics,1428.99,1645
PROD001534,Street Product,Home,1612.52,751
PROD001535,Physical Product,Home,2473.88,2711
PROD001536,Cover Product,Fashion,476.28,4983
PROD001537,Anything Product,Sports,2231.06,4455
PROD001538,Too Product,Beauty,11.68,2437
PROD001539,Public Product,Beauty,1463.49,2654
PROD001540,Commercial Product,Beauty,1343.3,1160
PROD001541,Base Product,Books,860.08,3954
PROD001542,Hour Product,Home,1167.48,3603
PROD001543,Even Product,Books,2436.58,4113
PROD001544,Parent Product,Home,748.0,4547
PROD001545,City Product,Fashion,2281.22,3075
PROD001546,True Product,Sports,1335.18,2647
PROD001547,Inside Product,Electronics,2311.45,2433
PROD001548,Ability Product,Electronics,1935.28,945
PROD001549,Represent Product,Home,830.86,4567
PROD001550,Spring Product,Beauty,479.29,623
PROD001551,Above Product,Fashion,1479.68,2937
PROD001552,Agreement Product,Home,883.79,810
PROD001553,Activity Product,Beauty,1336.86,707
PROD001554,Return Product,Sports,294.24,2576
PROD001555,My Product,Beauty,1077.04,509
PROD001556,Ready Product,Sports,909.04,407
PROD001557,Alone Product,Electronics,1798.81,1554
PROD001558,Security Product,Books,681.73,1532
PROD001559,Trial Product,Beauty,2370.26,4647
PROD001560,Race Product,Home,880.46,3843
PROD001561,Matter Product,Electronics,1569.88,186
PROD001562,Through Product,Fashion,1478.23,197
PROD001563,Course Product,Electronics,263.17,1278
PROD001564,Occur Product,Books,1587.71,572
PROD001565,Material Product,Sports,1272.87,345
PROD001566,How Product,Home,695.34,4732
PROD001567,Meeting Product,Electronics,1009.74,4971
PROD001568,Environment Product,Books,381.59,1534
PROD001569,Important Product,Fashion,575.38,1598
PROD001570,Hit Product,Home,1515.77,1025
PROD001571,Other Product,Sports,1406.38,3199
PROD001572,Range Product,Fashion,2217.22,161
PROD001573,Political Product,Home,1600.96,212
PROD001574,Pass Product,Fashion,2032.84,1465
PROD001575,Including Product,Home,1631.51,3519
PROD001576,Information Product,Fashion,656.31,4753
PROD001577,Fish Product,Home,915.07,3896
PROD001578,Nearly Product,Sports,1591.29,253
PROD001579,Often Product,Sports,2024.34,4103
PROD001580,Investment Product,Sports,239.13,2319
PROD001581,Traditional Product,Books,983.66,4945
PROD001582,Agent Product,Books,2254.22,4113
PROD001583,Person Product,Books,133.75,3166
PROD001584,Those Product,Beauty,2259.01,1756
PROD001585,Thank Product,Books,1618.39,2123
PROD001586,Night Product,Books,554.99,2755
PROD001587,Just Product,Sports,173.3,3169
PROD001588,Wear Product,Sports,1078.55,4547
PROD001589,General Product,Beauty,1660.02,3481
PROD001590,Change Product,Books,2319.42,4261
PROD001591,West Product,Fashion,1668.98,2242
PROD001592,Crime Product,Beauty,503.76,2480
PROD001593,Mention Product,Beauty,1856.11,1923
PROD001594,Fly Product,Sports,2350.05,2943
PROD001595,Current Product,Sports,1372.11,3564
PROD001596,Entire Product,Sports,408.45,3461
PROD001597,Box Product,Home,547.43,3258
PROD001598,Watch Product,Books,1298.79,2018
PROD001599,Involve Product,Fashion,82.95,3824
PROD001600,Career Product,Home,918.65,3908
PROD001601,Care Product,Electronics,2311.54,2431
PROD001602,Action Product,Fashion,406.08,3396
PROD001603,Dark Product,Beauty,1406.52,2112
PROD001604,Another Product,Books,617.2,3577
PROD001605,Prove Product,Beauty,1729.37,4437
PROD001606,Try Product,Electronics,896.52,2553
PROD001607,Piece Product,Books,2001.28,3008
PROD001608,To Product,Sports,89.38,1482
PROD001609,Then Product,Beauty,680.16,3846
PROD001610,Already Product,Fashion,1834.71,117
PROD001611,But Product,Electronics,1150.14,2346
PROD001612,Take Product,Fashion,2295.24,4993
PROD001613,Idea Product,Fashion,1422.19,3879
PROD001614,Arrive Product,Home,575.92,4064
PROD001615,Walk Product,Fashion,2112.9,4885
PROD001616,Support Product,Books,681.41,2879
PROD001617,Economic Product,Sports,1575.93,89
PROD001618,Bed Product,Fashion,1409.95,284
PROD001619,Mission Product,Electronics,1060.06,2794
PROD001620,To Product,Beauty,2482.09,950
PROD001621,Mean Product,Books,105.74,1136
PROD001622,Season Product,Sports,1746.03,89
PROD001623,Hand Product,Books,2481.22,239
PROD001624,Others Product,Sports,470.63,4656
PROD001625,Issue Product,Electronics,786.01,2863
PROD001626,Beautiful Product,Fashion,2212.95,1190
PROD001627,Agree Product,Home,1495.6,1954
PROD001628,Identify Product,Fashion,1878.99,2758
PROD001629,Work Product,Fashion,205.89,873
PROD001630,Voice Product,Electronics,364.17,2938
PROD001631,Write Product,Beauty,82.69,1416
PROD001632,Pretty Product,Home,901.34,3824
PROD001633,Doctor Product,Books,380.98,3606
PROD001634,Situation Product,Sports,956.96,1550
PROD001635,Break Product,Sports,866.43,468
PROD001636,Member Product,Beauty,915.06,1880
PROD001637,What Product,Beauty,489.17,2917
PROD001638,Nice Product,Books,738.46,707
PROD001639,Message Product,Books,1583.48,3583
PROD001640,Front Product,Electronics,1997.48,712
PROD001641,Rise Product,Beauty,588.05,818
PROD001642,Challenge Product,Electronics,1196.82,2543
PROD001643,Within Product,Books,2073.71,2611
PROD001644,Play Product,Sports,557.6,3767
PROD001645,Summer Product,Sports,87.81,3473
PROD001646,Beautiful Product,Fashion,1190.03,4504
PROD001647,We Product,Electronics,1045.18,1686
PROD001648,Mouth Product,Fashion,1111.23,3206
PROD001649,Nature Product,Electronics,2494.24,1200
PROD001650,Last Product,Electronics,1672.82,3946
PROD001651,Indeed Product,Books,2408.67,1416
PROD001652,Cultural Product,Home,650.75,881
PROD001653,American Product,Fashion,1885.61,285
PROD001654,Would Product,Beauty,651.27,1020
PROD001655,Marriage Product,Beauty,2439.51,3671
PROD001656,Democratic Product,Home,407.86,4876
PROD001657,Arrive Product,Beauty,2332.94,3522
PROD001658,Place Product,Beauty,592.76,4993
PROD001659,Least Product,Home,608.84,1974
PROD001660,Company Product,Beauty,1498.31,654
PROD001661,Mouth Product,Home,1864.38,535
PROD001662,Expect Product,Books,845.61,2752
PROD001663,Ask Product,Sports,1542.71,4884
PROD001664,Month Product,Beauty,365.67,1074
PROD001665,Hold Product,Sports,1762.71,3480
PROD001666,Idea Product,Home,576.63,868
PROD001667,Skill Product,Fashion,2381.15,1813
PROD001668,Data Product,Books,1956.3,4400
PROD001669,Learn Product,Beauty,1331.18,365
PROD001670,Throughout Product,Books,1260.18,790
PROD001671,Campaign Product,Sports,736.46,1297
PROD001672,Plant Product,Electronics,371.67,2034
PROD001673,Cup Product,Home,751.47,428
PROD001674,Mr Product,Sports,370.43,1489
PROD001675,Chance Product,Sports,601.49,2067
PROD001676,Ago Product,Books,339.96,3013
PROD001677,Face Product,Books,1109.49,3872
PROD001678,Choose Product,Fashion,1519.88,573
PROD001679,Ever Product,Electronics,1798.66,2448
PROD001680,Analysis Product,Beauty,70.46,2386
PROD001681,Seem Product,Sports,654.31,746
PROD001682,Ever Product,Beauty,2128.59,1713
PROD001683,Rock Product,Sports,754.89,3620
PROD001684,Action Product,Beauty,937.56,742
PROD001685,Whatever Product,Electronics,1717.33,1334
PROD001686,Collection Product,Sports,2453.49,4013
PROD001687,With Product,Home,305.57,928
PROD001688,Find Product,Books,49.34,1254
PROD001689,Me Product,Sports,1465.52,3881
PROD001690,Win Product,Beauty,325.0,2833
PROD001691,Kitchen Product,Electronics,2275.16,1800
PROD001692,Continue Product,Fashion,1277.99,3550
PROD001693,Main Product,Fashion,1716.42,733
PROD001694,Party Product,Sports,143.4,4174
PROD001695,Turn Product,Home,579.18,1324
PROD001696,Low Product,Fashion,253.9,4555
PROD001697,Peace Product,Fashion,998.7,668
PROD001698,Me Product,Books,1112.21,3822
PROD001699,Small Product,Home,1947.25,983
PROD001700,Pressure Product,Electronics,903.87,4677
PROD001701,Carry Product,Beauty,1709.29,4042
PROD001702,Lot Product,Electronics,1110.76,2442
PROD001703,Television Product,Books,2127.6,713
PROD001704,Billion Product,Books,2159.84,512
PROD001705,Fall Product,Books,692.67,468
PROD001706,Message Product,Electronics,2024.07,1504
PROD001707,Relationship Product,Electronics,336.02,3140
PROD001708,Think Product,Sports,2019.22,2049
PROD001709,Effort Product,Beauty,1240.97,330
PROD001710,Why Product,Fashion,1864.49,2586
PROD001711,Here Product,Sports,872.09,502
PROD001712,Of Product,Fashion,1490.17,4170
PROD001713,Response Product,Home,1136.95,3298
PROD001714,Do Product,Electronics,601.97,439
PROD001715,Arrive Product,Books,31.19,1735
PROD001716,Senior Product,Books,1026.14,3812
PROD001717,Important Product,Sports,876.48,613
PROD001718,Article Product,Beauty,1780.35,1247
PROD001719,Decade Product,Fashion,1974.13,4487
PROD001720,Consider Product,Beauty,249.68,668
PROD001721,Seven Product,Fashion,2076.96,1132
PROD001722,Water Product,Home,439.58,447
PROD001723,Child Product,Books,259.32,2053
PROD001724,Talk Product,Books,944.49,873
PROD001725,Week Product,Beauty,783.16,1269
PROD001726,Court Product,Electronics,255.36,4436
PROD001727,Task Product,Sports,1371.79,3012
PROD001728,Try Product,Fashion,442.79,4557
PROD001729,Social Product,Sports,500.5,679
PROD001730,Similar Product,Sports,972.97,1045
PROD001731,Involve Product,Sports,1951.54,3417
PROD001732,College Product,Fashion,1044.19,124
PROD001733,Director Product,Fashion,1348.3,754
PROD001734,Between Product,Sports,2346.64,3973
PROD001735,Dark Product,Fashion,1848.32,4967
PROD001736,Some Product,Electronics,1169.98,4230
PROD001737,Again Product,Beauty,1769.01,4032
PROD001738,Season Product,Home,1210.54,428
PROD001739,Middle Product,Electronics,67.61,1110
PROD001740,Idea Product,Electronics,649.88,866
PROD001741,Three Product,Electronics,2416.64,122
PROD001742,Community Product,Home,294.21,2027
PROD001743,Section Product,Books,1405.97,275
PROD001744,Physical Product,Sports,1681.52,2676
PROD001745,Focus Product,Electronics,458.96,3808
PROD001746,Remain Product,Electronics,1327.42,712
PROD001747,Edge Product,Electronics,2206.56,4835
PROD001748,Process Product,Electronics,1559.32,2539
PROD001749,Station Product,Books,656.26,3026
PROD001750,I Product,Home,1517.71,1211
PROD001751,Determine Product,Beauty,994.62,2822
PROD001752,Picture Product,Home,2058.53,4965
PROD001753,Realize Product,Fashion,1139.26,4133
PROD001754,Congress Product,Electronics,598.46,3704
PROD001755,Home Product,Sports,1714.04,1002
PROD001756,Animal Product,Sports,1890.57,4154
PROD001757,Camera Product,Beauty,1044.03,1208
PROD001758,Scientist Product,Home,608.89,2953
PROD001759,Quickly Product,Home,275.31,3340
PROD001760,Be Product,Home,2309.93,3659
PROD001761,Test Product,Beauty,554.71,256
PROD001762,Blood Product,Books,915.01,1749
PROD001763,Better Product,Home,255.13,4510
PROD001764,How Product,Beauty,1199.79,2396
PROD001765,Turn Product,Electronics,423.02,1195
PROD001766,Night Product,Fashion,1721.6,2414
PROD001767,Assume Product,Sports,958.14,613
PROD001768,Head Product,Books,749.83,3252
PROD001769,Station Product,Home,448.01,3525
PROD001770,Student Product,Fashion,1821.53,56
PROD001771,Pm Product,Books,2379.06,954
PROD001772,Though Product,Electronics,2015.78,3458
PROD001773,Inside Product,Electronics,1713.65,1476
PROD001774,Both Product,Sports,1680.65,3118
PROD001775,Represent Product,Fashion,745.85,1907
PROD001776,Situation Product,Electronics,1506.4,4407
PROD001777,Beat Product,Sports,1059.53,3455
PROD001778,Dog Product,Books,1203.2,2100
PROD001779,Lawyer Product,Home,789.85,4462
PROD001780,Finally Product,Beauty,974.87,4232
PROD001781,Population Product,Home,2318.16,1823
PROD001782,Question Product,Home,1382.5,1945
PROD001783,Several Product,Electronics,80.48,4484
PROD001784,His Product,Fashion,1221.19,4992
PROD001785,Ago Product,Sports,577.31,1909
PROD001786,Exactly Product,Sports,2108.92,2872
PROD001787,Production Product,Beauty,2439.07,1237
PROD001788,Red Product,Sports,2469.7,4914
PROD001789,Color Product,Electronics,1656.69,1423
PROD001790,They Product,Home,2338.26,3190
PROD001791,Test Product,Books,1499.79,2345
PROD001792,If Product,Electronics,118.77,2214
PROD001793,Power Product,Electronics,949.03,1239
PROD001794,Begin Product,Beauty,244.53,4500
PROD001795,Chance Product,Home,434.14,4257
PROD001796,Away Product,Fashion,709.11,1066
PROD001797,Available Product,Beauty,489.52,766
PROD001798,Rich Product,Beauty,294.39,4829
PROD001799,Lead Product,Home,1633.49,3985
PROD001800,White Product,Books,1696.09,4357
PROD001801,Authority Product,Beauty,1825.45,4315
PROD001802,Step Product,Sports,637.59,4773
PROD001803,Young Product,Home,2237.03,4814
PROD001804,Really Product,Beauty,1127.5,4967
PROD001805,Performance Product,Electronics,796.15,1154
PROD001806,Huge Product,Electronics,1230.93,954
PROD001807,Gun Product,Books,1370.25,3402
PROD001808,Modern Product,Books,2469.73,2965
PROD001809,Day Product,Beauty,1847.05,4579
PROD001810,Attorney Product,Beauty,1341.0,885
PROD001811,When Product,Electronics,1087.34,4084
PROD001812,Move Product,Fashion,1583.29,2617
PROD001813,Subject Product,Home,2155.31,825
PROD001814,Create Product,Home,508.29,821
PROD001815,Each Product,Fashion,1494.98,3052
PROD001816,Relationship Product,Books,1127.09,1508
PROD001817,Congress Product,Sports,2168.17,3444
PROD001818,Of Product,Electronics,1052.2,2549
PROD001819,Magazine Product,Beauty,1032.2,4047
PROD001820,This Product,Beauty,1272.72,776
PROD001821,Network Product,Beauty,2099.56,1780
PROD001822,Conference Product,Beauty,2133.83,4883
PROD001823,Financial Product,Sports,1456.1,4844
PROD001824,Prove Product,Electronics,985.99,1415
PROD001825,Certainly Product,Sports,127.93,1747
PROD001826,Performance Product,Sports,2060.01,4142
PROD001827,Imagine Product,Electronics,1070.79,4094
PROD001828,Because Product,Books,479.43,1456
PROD001829,Share Product,Electronics,978.65,1643
PROD001830,Base Product,Home,2303.1,2033
PROD001831,Present Product,Electronics,1180.81,4366
PROD001832,Religious Product,Books,676.72,350
PROD001833,Window Product,Electronics,783.08,4982
PROD001834,Then Product,Electronics,614.25,1388
PROD001835,Top Product,Beauty,899.57,2473
PROD001836,End Product,Books,1294.56,2777
PROD001837,Again Product,Beauty,570.02,3499
PROD001838,Especially Product,Fashion,1703.41,4850
PROD001839,Exist Product,Beauty,1898.68,1063
PROD001840,Lead Product,Fashion,1209.75,2331
PROD001841,Many Product,Sports,552.39,1312
PROD001842,Recent Product,Fashion,2277.83,2851
PROD001843,Administration Product,Electronics,1100.48,2280
PROD001844,Tend Product,Electronics,2085.73,1559
PROD001845,State Product,Books,1398.55,596
PROD001846,Style Product,Sports,1850.24,2131
PROD001847,Central Product,Home,2170.44,1520
PROD001848,Fly Product,Electronics,2049.06,1542
PROD001849,Mean Product,Sports,477.8,355
PROD001850,Area Product,Electronics,1743.57,3287
PROD001851,Social Product,Fashion,1432.91,2189
PROD001852,Two Product,Books,652.94,1753
PROD001853,Standard Product,Sports,1933.68,2111
PROD001854,Bill Product,Books,592.05,2621
PROD001855,Painting Product,Home,551.89,481
PROD001856,Past Product,Beauty,613.48,3902
PROD001857,Situation Product,Beauty,1005.86,2816
PROD001858,Standard Product,Beauty,124.89,4859
PROD001859,Fact Product,Home,1742.45,2555
PROD001860,Visit Product,Books,2206.0,4795
PROD001861,Member Product,Beauty,1167.39,2323
PROD001862,Baby Product,Sports,89.96,1490
PROD001863,Hold Product,Sports,277.95,4010
PROD001864,Practice Product,Sports,1943.24,1591
PROD001865,Think Product,Books,1630.62,811
PROD001866,Become Product,Home,1007.15,577
PROD001867,Sound Product,Electronics,2194.59,1817
PROD001868,Say Product,Beauty,1181.47,3562
PROD001869,Occur Product,Home,81.67,1164
PROD001870,Determine Product,Electronics,1202.27,1904
PROD001871,Young Product,Sports,741.4,141
PROD001872,Occur Product,Sports,2300.51,2553
PROD001873,Rock Product,Fashion,1629.64,1448
PROD001874,High Product,Sports,2128.95,2264
PROD001875,Watch Product,Electronics,1723.98,4352
PROD001876,Wait Product,Sports,581.54,552
PROD001877,Involve Product,Home,1687.54,2062
PROD001878,Become Product,Fashion,1836.46,3604
PROD001879,Activity Product,Books,778.27,168
PROD001880,Cultural Product,Electronics,2229.98,868
PROD001881,Dinner Product,Sports,1979.35,2427
PROD001882,Front Product,Books,428.81,4578
PROD001883,See Product,Books,396.7,302
PROD001884,Kind Product,Fashion,1735.89,2054
PROD001885,Win Product,Books,28.23,4972
PROD001886,Respond Product,Books,1103.65,2925
PROD001887,Surface Product,Sports,2237.17,794
PROD001888,Produce Product,Electronics,1674.09,4266
PROD001889,Help Product,Home,1646.85,2805
PROD001890,Beyond Product,Home,2474.34,116
PROD001891,Indeed Product,Beauty,2008.74,2384
PROD001892,Throughout Product,Electronics,779.23,2929
PROD001893,Natural Product,Fashion,1556.28,582
PROD001894,Example Product,Fashion,1173.97,2670
PROD001895,Coach Product,Books,2078.74,1149
PROD001896,Manager Product,Books,2098.54,814
PROD001897,This Product,Sports,1587.26,507
PROD001898,Trip Product,Beauty,2274.15,1517
PROD001899,More Product,Home,2151.59,628
PROD001900,Lay Product,Electronics,1611.08,2657
PROD001901,Hard Product,Home,805.62,2238
PROD001902,Bar Product,Fashion,1875.88,4913
PROD001903,Under Product,Fashion,97.73,1479
PROD001904,Brother Product,Fashion,1205.91,3176
PROD001905,That Product,Home,1461.88,3518
PROD001906,Seven Product,Beauty,441.44,1425
PROD001907,Wind Product,Beauty,873.97,1948
PROD001908,Carry Product,Beauty,965.47,4708
PROD001909,Appear Product,Books,241.23,585
PROD001910,Upon Product,Sports,2058.57,1621
PROD001911,Chair Product,Beauty,1695.25,1938
PROD001912,Commercial Product,Books,325.77,1268
PROD001913,Maybe Product,Books,15.48,3528
PROD001914,Five Product,Sports,452.41,1588
PROD001915,Rock Product,Books,1031.18,1701
PROD001916,True Product,Books,1689.62,4463
PROD001917,For Product,Beauty,582.88,2000
PROD001918,Window Product,Books,529.63,3088
PROD001919,Often Product,Electronics,2348.29,4365
PROD001920,Itself Product,Home,1096.09,2134
PROD001921,Evening Product,Sports,102.83,3610
PROD001922,Life Product,Books,2031.72,1489
PROD001923,Article Product,Books,630.23,4654
PROD001924,Work Product,Fashion,965.46,1144
PROD001925,Unit Product,Beauty,831.13,220
PROD001926,Ahead Product,Home,679.78,2835
PROD001927,First Product,Electronics,1448.27,2895
PROD001928,Customer Product,Fashion,2435.46,4632
PROD001929,Wish Product,Sports,2259.52,4334
PROD001930,Most Product,Beauty,2471.85,2278
PROD001931,Year Product,Home,2110.38,117
PROD001932,Defense Product,Fashion,1427.6,3506
PROD001933,Arrive Product,Books,823.63,2693
PROD001934,Heart Product,Beauty,249.35,3902
PROD001935,Professional Product,Home,827.06,2168
PROD001936,Because Product,Home,320.26,4551
PROD001937,Option Product,Beauty,511.51,358
PROD001938,According Product,Beauty,1997.44,2837
PROD001939,Effort Product,Books,349.57,4216
PROD001940,Star Product,Home,538.54,2300
PROD001941,Push Product,Books,1851.53,3342
PROD001942,Series Product,Sports,949.46,3602
PROD001943,Answer Product,Home,1130.43,4464
PROD001944,Reality Product,Beauty,1452.68,3793
PROD001945,Enjoy Product,Electronics,1027.37,922
PROD001946,System Product,Home,1753.7,232
PROD001947,Management Product,Home,1464.76,746
PROD001948,Record Product,Books,1556.85,722
PROD001949,Kind Product,Electronics,75.53,1810
PROD001950,Of Product,Beauty,659.17,3720
PROD001951,Attack Product,Electronics,848.44,3985
PROD001952,My Product,Books,1052.89,2718
PROD001953,Bad Product,Electronics,1635.02,677
PROD001954,Though Product,Beauty,1822.65,3510
PROD001955,Either Product,Electronics,1718.7,3198
PROD001956,Buy Product,Home,1658.84,2186
PROD001957,Cost Product,Beauty,2218.18,1530
PROD001958,Human Product,Fashion,717.38,1749
PROD001959,Page Product,Books,1530.63,3613
PROD001960,Through Product,Beauty,1297.64,202
PROD001961,Rise Product,Books,817.27,186
PROD001962,Popular Product,Sports,844.46,3400
PROD001963,Range Product,Home,2143.61,4773
PROD001964,Could Product,Fashion,1216.34,2596
PROD001965,Something Product,Electronics,347.93,2215
PROD001966,Describe Product,Fashion,1990.56,3610
PROD001967,Consider Product,Electronics,1184.36,4449
PROD001968,Occur Product,Beauty,427.87,2762
PROD001969,Responsibility Product,Home,319.69,322
PROD001970,Religious Product,Fashion,832.79,2021
PROD001971,Marriage Product,Beauty,816.08,4068
PROD001972,So Product,Home,1863.97,3133
PROD001973,Friend Product,Books,1290.26,634
PROD001974,I Product,Sports,1034.07,2092
PROD001975,Key Product,Beauty,1620.59,4743
PROD001976,Sell Product,Fashion,1899.26,3385
PROD001977,Thought Product,Beauty,2171.75,3206
PROD001978,Figure Product,Fashion,814.46,2923
PROD001979,Tough Product,Fashion,57.17,742
PROD001980,Huge Product,Electronics,1926.75,1207
PROD001981,Attorney Product,Home,1377.69,3141
PROD001982,Movement Product,Beauty,840.32,1757
PROD001983,Life Product,Electronics,1900.14,4176
PROD001984,At Product,Books,377.1,4061
PROD001985,Social Product,Home,882.19,3130
PROD001986,Alone Product,Home,131.44,1821
PROD001987,Standard Product,Home,825.59,1251
PROD001988,Believe Product,Electronics,2363.93,3510
PROD001989,Far Product,Fashion,641.79,2354
PROD001990,Speak Product,Fashion,1575.88,2164
PROD001991,His Product,Home,1276.59,4946
PROD001992,City Product,Home,1870.55,2053
PROD001993,Force Product,Fashion,271.33,639
PROD001994,Huge Product,Sports,2407.88,1657
PROD001995,Subject Product,Fashion,933.25,3504
PROD001996,Specific Product,Electronics,1197.18,441
PROD001997,Bed Product,Home,2208.16,1066
PROD001998,Strong Product,Home,760.62,2977
PROD001999,Suggest Product,Home,1159.26,3556
PROD002000,Usually Product,Fashion,1691.25,1163
